ms,ax,ay,az,gx,gy,gz,roll_x100,pitch_x100
317, 485, 488, 3368, -48, -39, 6, 784, -129
327, 507, 451, 3359, -41, -23, -4, 781, -131
337, 507, 461, 3431, 11, -8, -11, 780, -132
347, 520, 436, 3397, 52, 11, -5, 782, -132
357, 543, 503, 3423, 4, 25, 18, 783, -132
367, 521, 440, 3376, -12, 32, 28, 781, -131
377, 522, 466, 3317, 21, 30, 30, 782, -130
387, 509, 573, 3363, 57, 37, 32, 788, -129
397, 479, 522, 3355, 85, 44, 7, 794, -126
407, 449, 516, 3286, 75, 46, -1, 799, -122
417, 401, 520, 3262, 93, 34, -7, 806, -118
427, 397, 507, 3285, 62, 21, 13, 810, -114
437, 420, 558, 3294, -2, 3, 30, 812, -113
447, 404, 563, 3281, -21, -13, 26, 812, -112
457, 454, 536, 3302, 3, -6, 3, 813, -111
467, 480, 468, 3297, 46, 4, 3, 815, -111
477, 466, 437, 3339, 2, 14, 18, 814, -110
487, 435, 483, 3319, 11, 10, 12, 814, -109
497, 421, 533, 3249, 42, 2, -8, 818, -107
507, 407, 520, 3255, 33, -11, -8, 820, -106
517, 438, 538, 3308, 45, -15, -6, 824, -106
527, 439, 577, 3326, 31, -14, 12, 828, -107
537, 454, 528, 3354, -4, -10, 22, 828, -107
547, 487, 556, 3352, 40, -7, 8, 831, -108
557, 482, 532, 3303, 51, 8, 3, 835, -107
567, 469, 512, 3269, 19, 8, 3, 836, -107
577, 451, 503, 3218, -39, -20, 23, 834, -108
587, 477, 461, 3317, -70, -27, 31, 828, -110
597, 522, 532, 3396, -5, -14, 18, 828, -112
607, 492, 508, 3422, 33, 6, 5, 829, -112
617, 465, 514, 3371, 34, 15, 5, 831, -111
627, 442, 551, 3356, 44, 12, -1, 835, -109
637, 440, 574, 3289, 48, -11, 0, 839, -109
647, 449, 640, 3310, -28, -24, 9, 841, -110
657, 432, 529, 3271, -68, -41, 10, 837, -111
667, 444, 575, 3381, 30, -16, -27, 840, -112
677, 478, 500, 3323, 61, 10, -31, 843, -111
687, 501, 470, 3310, 58, 21, -16, 845, -111
697, 466, 501, 3282, 31, 9, 7, 847, -110
707, 460, 566, 3335, 12, -2, 17, 848, -110
717, 487, 584, 3352, 12, -4, 17, 851, -110
727, 453, 587, 3348, -29, -4, 4, 850, -110
737, 481, 586, 3319, -27, 1, -6, 850, -110
747, 455, 575, 3280, -31, -6, -5, 850, -110
757, 477, 473, 3296, -42, -21, -4, 846, -112
767, 487, 502, 3286, -45, -10, 7, 842, -113
777, 507, 463, 3281, -26, -7, 10, 839, -114
787, 492, 441, 3302, -7, -3, 20, 837, -115
797, 491, 464, 3349, 19, 2, 12, 836, -115
807, 525, 530, 3254, 40, 7, 8, 839, -116
817, 460, 544, 3320, 10, -1, 19, 841, -116
827, 480, 585, 3386, 16, 3, 8, 843, -115
837, 489, 513, 3373, 17, 2, 13, 844, -116
847, 495, 517, 3374, 5, 3, 26, 844, -116
857, 518, 559, 3348, -31, -2, 16, 842, -117
867, 476, 554, 3346, -56, 1, 23, 840, -117
877, 491, 511, 3288, -67, 0, 15, 836, -118
887, 497, 522, 3326, -41, 1, 17, 833, -118
897, 489, 450, 3279, -12, 14, 10, 831, -117
907, 462, 435, 3261, -4, 21, 18, 829, -116
917, 442, 482, 3271, 41, 12, 20, 830, -114
927, 434, 483, 3288, 52, 11, 9, 833, -112
937, 424, 528, 3266, 14, 4, 12, 834, -111
947, 405, 582, 3249, 24, -13, 7, 838, -110
957, 447, 594, 3322, 67, -19, -1, 844, -110
967, 472, 532, 3379, 76, 0, -1, 848, -110
977, 495, 603, 3436, 85, 25, 3, 855, -109
987, 445, 582, 3389, 45, 30, -3, 859, -107
997, 461, 547, 3319, 30, 27, 9, 861, -105
1007, 439, 579, 3304, -14, 11, 16, 861, -104
1017, 423, 602, 3283, -31, -9, 17, 861, -103
1027, 450, 548, 3304, -51, -5, 10, 859, -103
1037, 471, 465, 3209, -21, -13, 7, 856, -104
1047, 469, 518, 3275, -29, -19, 4, 854, -105
1057, 475, 545, 3302, -17, -12, -8, 853, -106
1067, 471, 475, 3359, 21, -19, -5, 853, -107
1077, 448, 489, 3282, 4, -24, 1, 852, -108
1087, 470, 537, 3262, 26, -31, 21, 854, -110
1097, 534, 624, 3346, 34, -27, 39, 859, -113
1107, 500, 618, 3431, 88, -6, -13, 866, -114
1117, 506, 495, 3337, 60, 11, -10, 868, -114
1127, 490, 527, 3305, 32, -2, 8, 870, -115
1137, 525, 461, 3379, 60, 6, -9, 871, -116
1147, 506, 528, 3262, -45, 3, 0, 868, -117
1157, 501, 509, 3348, -44, 2, 10, 864, -117
1167, 461, 577, 3314, -49, -2, 8, 862, -117
1177, 455, 538, 3263, -91, -12, 20, 857, -117
1187, 481, 546, 3289, -101, -26, 31, 851, -119
1197, 434, 497, 3297, -171, -34, 46, 840, -120
1207, 515, 545, 3386, -181, -19, 58, 829, -122
1217, 507, 536, 3367, -99, -1, 38, 824, -122
1227, 487, 515, 3363, -22, 25, 9, 822, -121
1237, 467, 517, 3262, 55, 29, 8, 826, -119
1247, 448, 535, 3321, 7, 10, 20, 827, -118
1257, 460, 501, 3285, -44, 6, 15, 824, -117
1267, 501, 548, 3341, 3, 1, 7, 826, -117
1277, 470, 522, 3303, -7, -1, 3, 825, -117
1287, 443, 510, 3301, -82, -10, 20, 821, -117
1297, 471, 510, 3409, -175, -12, 25, 810, -117
1307, 421, 566, 3263, -236, -28, 37, 797, -118
1320, 471, 488, 3342, -174, -36, 18, 787, -120
1327, 476, 489, 3314, -222, -25, 9, 773, -121
1337, 462, 483, 3299, -222, -3, 7, 760, -121
1347, 479, 468, 3373, -118, 14, 0, 753, -120
1357, 476, 459, 3331, -71, -20, -19, 749, -121
1367, 471, 494, 3291, -76, -45, -30, 745, -124
1377, 339, 669, 2976, -212, -112, 13, 740, -127
1387, 482, 430, 3460, -147, -66, -6, 730, -130
1397, 470, 517, 3383, -217, -42, 12, 719, -133
1407, 614, 446, 3173, -258, -157, -11, 704, -146
1417, 520, 338, 3480, -50, -23, -37, 698, -148
1427, 511, 354, 3256, -112, 16, 1, 690, -147
1437, 530, 390, 3275, -118, -33, 2, 682, -150
1447, 518, 368, 3349, -114, -37, 41, 674, -153
1457, 534, 417, 3410, -142, -46, 11, 666, -156
1467, 584, 354, 3318, -78, -26, 39, 660, -160
1477, 588, 488, 3481, -61, -1, 7, 659, -162
1487, 615, 403, 3504, 100, 46, -17, 665, -162
1497, 518, 363, 3389, 39, 63, -33, 666, -158
1507, 508, 412, 3302, 74, 62, -23, 671, -154
1517, 498, 365, 3332, 128, 62, -34, 678, -150
1527, 483, 355, 3266, 93, 56, -16, 683, -146
1537, 473, 391, 3250, 37, 25, 14, 685, -144
1547, 451, 467, 3328, 25, 12, 10, 688, -142
1557, 477, 398, 3297, 12, 17, 5, 689, -141
1567, 496, 469, 3403, 35, 25, -1, 692, -139
1577, 467, 462, 3342, 29, 26, -6, 695, -137
1587, 476, 451, 3326, -40, 24, 9, 694, -135
1597, 489, 450, 3346, -76, 18, 15, 690, -134
1607, 456, 483, 3320, -27, 15, 4, 690, -132
1617, 443, 432, 3281, -26, 0, 8, 690, -131
1627, 484, 372, 3289, -64, -7, 16, 685, -131
1637, 508, 400, 3203, -131, -41, 35, 677, -134
1647, 523, 477, 3346, -216, -50, 54, 666, -138
1657, 513, 495, 3465, -151, -29, 19, 659, -141
1667, 503, 457, 3395, -119, -7, -17, 653, -141
1677, 501, 396, 3378, -164, 14, -46, 644, -141
1687, 519, 374, 3337, -110, 12, -39, 637, -140
1697, 486, 353, 3288, -182, 3, -10, 625, -140
1707, 502, 360, 3360, -192, -17, 3, 613, -141
1717, 513, 396, 3447, -203, -21, 17, 602, -143
1727, 537, 286, 3415, -184, -3, 7, 589, -144
1737, 584, 384, 3391, -111, 4, 2, 583, -146
1747, 525, 348, 3379, -185, 10, 7, 572, -146
1757, 517, 317, 3306, -263, 7, 4, 556, -146
1767, 496, 321, 3338, -299, -7, -4, 538, -147
1777, 341, 524, 3042, -525, -76, 50, 514, -147
1787, 311, -28, 3667, -679, -69, 133, 464, -146
1797, 476, 288, 3299, -671, -93, 44, 424, -152
1807, 541, 179, 3376, -519, -68, 38, 392, -157
1817, 575, 247, 3373, -498, -65, 13, 363, -162
1827, 498, 311, 3214, -434, -56, -17, 340, -166
1837, 412, 149, 3203, -338, -26, -25, 320, -165
1847, 551, 219, 3052, -637, -191, 1, 284, -178
1857, 495, 214, 3393, -628, -148, -8, 249, -186
1867, 527, 153, 3365, -612, -122, -15, 213, -193
1877, 473, 61, 3221, -611, -143, -10, 176, -200
1887, 472, 44, 3365, -524, -132, 4, 145, -207
1897, 565, 28, 3327, -620, -201, 31, 107, -220
1907, 625, -34, 3471, -463, -171, 5, 79, -232
1917, 675, -161, 3383, -455, -157, 55, 48, -244
1927, 662, -53, 3405, -450, -111, 66, 21, -253
1937, 640, -121, 3462, -361, -64, 60, -1, -259
1947, 636, -37, 3457, -206, -55, -21, -12, -263
1957, 587, -68, 3394, -201, -7, -46, -23, -264
1967, 590, -54, 3432, -234, 10, -89, -36, -263
1977, 594, -2, 3303, -207, 13, -127, -45, -263
1987, 590, -29, 3411, -195, 12, -126, -54, -262
1997, 610, -108, 3412, -175, 19, -120, -64, -262
2007, 596, -172, 3340, -153, 24, -90, -73, -260
2017, 566, -208, 3278, -133, 12, -48, -83, -259
2027, 569, -204, 3274, -177, -29, 0, -95, -261
2037, 600, -90, 3357, -319, -61, 5, -112, -265
2047, 577, -81, 3345, -356, -88, -12, -131, -270
2057, 553, -102, 3450, -379, -63, -55, -151, -273
2067, 606, -119, 3316, -476, -54, -100, -178, -277
2077, 496, -279, 3494, -638, -94, -68, -218, -280
2087, 647, -103, 3318, -668, -99, -83, -254, -287
2097, 553, -152, 3740, -559, -33, -106, -284, -287
2107, 689, -84, 3401, -489, 39, -118, -308, -287
2117, 593, -184, 3426, -513, 9, -140, -335, -286
2127, 581, -334, 3441, -716, 19, -141, -378, -284
2137, 605, -321, 3131, -949, -67, -110, -435, -289
2147, 630, -420, 3584, -832, -24, -122, -485, -291
2157, 612, -424, 3413, -761, 15, -69, -530, -290
2167, 636, -494, 3416, -636, -27, -63, -569, -292
2177, 662, -578, 3324, -435, 28, -93, -597, -292
2187, 606, -605, 3157, -450, 18, -110, -626, -291
2197, 616, -695, 3392, -442, 50, -102, -656, -288
2207, 579, -668, 3080, -325, 38, -166, -679, -286
2217, 586, -667, 3070, -371, -42, -102, -705, -288
2227, 804, -648, 3147, -329, -3, -152, -726, -294
2237, 384, -521, 3460, -92, -20, -112, -728, -289
2247, 634, -547, 3314, -227, 25, -59, -739, -289
2257, 654, -587, 3335, -157, 33, -102, -747, -288
2267, 632, -588, 3375, -179, 36, -100, -756, -286
2277, 584, -559, 3324, -266, 33, -104, -769, -284
2287, 600, -613, 3361, -208, 36, -131, -780, -282
2297, 603, -601, 3209, -249, 15, -142, -794, -281
2307, 614, -700, 3331, -391, -5, -112, -818, -282
2319, 649, -577, 3246, -517, -53, -62, -846, -286
2327, 712, -699, 3484, -515, 21, -55, -876, -288
2337, 673, -614, 3311, -529, -2, -81, -905, -290
2347, 605, -715, 3422, -486, 52, -88, -932, -286
2357, 643, -710, 3271, -433, 40, -102, -957, -285
2367, 560, -835, 3301, -368, 58, -119, -980, -280
2377, 590, -679, 3188, -292, 54, -81, -994, -277
2387, 625, -817, 3320, -261, -18, -29, -1009, -279
2397, 583, -763, 3282, -400, 8, -29, -1031, -278
2407, 628, -816, 3311, -327, 19, -21, -1050, -278
2417, 571, -780, 3295, -442, -11, -27, -1074, -278
2427, 603, -827, 3332, -527, -13, -23, -1104, -279
2437, 606, -832, 3288, -496, -11, -27, -1132, -280
2447, 611, -739, 3301, -523, -35, -49, -1159, -282
2457, 649, -763, 3524, -468, 48, -95, -1181, -280
2467, 680, -736, 3477, -390, 118, -179, -1197, -275
2477, 658, -876, 3483, -314, 197, -226, -1213, -264
2487, 639, -1011, 3237, -395, 211, -249, -1237, -253
2497, 584, -1002, 3229, -361, 177, -199, -1259, -242
2507, 624, -1142, 3084, -368, 155, -145, -1286, -235
2517, 551, -1072, 3008, -426, 77, -82, -1314, -230
2527, 524, -1073, 3051, -400, 17, -36, -1339, -228
2537, 520, -1110, 3082, -395, -25, -11, -1365, -229
2547, 516, -1064, 3102, -444, -60, -13, -1392, -231
2557, 563, -988, 3189, -395, -68, -17, -1413, -235
2567, 611, -1093, 3298, -391, -50, -30, -1435, -240
2577, 693, -1137, 3229, -447, -75, -4, -1461, -248
2587, 670, -1236, 3307, -474, -7, 19, -1491, -250
2597, 635, -1218, 3176, -572, 25, 25, -1527, -251
2607, 585, -1121, 3189, -527, 7, 6, -1556, -250
2617, 644, -1266, 3173, -546, -4, 0, -1590, -253
2627, 620, -1232, 3155, -583, 20, -31, -1625, -253
2637, 593, -1193, 3220, -560, 23, -56, -1657, -252
2647, 568, -1264, 3268, -520, 16, -58, -1686, -250
2657, 622, -1285, 3236, -470, 7, -55, -1713, -251
2667, 597, -1353, 3272, -307, 49, -43, -1731, -248
2677, 593, -1344, 3231, -272, 72, 11, -1746, -244
2687, 618, -1424, 3143, -266, 65, 56, -1764, -242
2697, 703, -1286, 3161, -293, 100, 44, -1779, -239
2707, 613, -1344, 3322, -132, 127, -16, -1784, -233
2717, 594, -1442, 3161, -112, 177, -74, -1792, -223
2727, 523, -1358, 3014, -140, 167, -85, -1800, -212
2737, 475, -1362, 2932, -196, 103, -95, -1812, -204
2747, 514, -1333, 2967, -248, 63, -70, -1826, -199
2757, 502, -1275, 3010, -320, -15, -79, -1843, -199
2767, 576, -1376, 3196, -471, -36, -66, -1869, -203
2777, 592, -1417, 3209, -347, -16, -33, -1888, -205
2787, 569, -1433, 3189, -354, 19, -10, -1908, -204
2797, 582, -1467, 3240, -265, 55, 21, -1923, -202
2807, 557, -1470, 3108, -236, 76, 21, -1936, -198
2817, 507, -1406, 3065, -295, 44, 38, -1952, -194
2827, 527, -1439, 2993, -305, -23, 42, -1969, -196
2837, 496, -1485, 3026, -386, -41, 12, -1992, -197
2847, 547, -1411, 3081, -435, -55, 25, -2015, -201
2857, 586, -1483, 3162, -396, -61, 1, -2037, -206
2867, 585, -1577, 3036, -437, -83, -5, -2064, -212
2877, 631, -1568, 3146, -562, -78, 34, -2097, -219
2887, 599, -1597, 3190, -505, -40, 34, -2126, -223
2897, 492, -1570, 2796, -733, -108, 56, -2171, -228
2907, 573, -1654, 3127, -796, -121, 106, -2218, -235
2917, 601, -1568, 3113, -591, -105, 104, -2250, -243
2927, 604, -1548, 3194, -501, -90, 100, -2274, -249
2937, 618, -1647, 3174, -283, -57, 81, -2288, -254
2947, 688, -1628, 3096, -194, -20, 87, -2296, -258
2957, 668, -1847, 3100, -288, -2, 123, -2314, -260
2967, 691, -1799, 3025, -276, 10, 55, -2332, -262
2977, 650, -1703, 3140, -285, 40, 23, -2346, -261
2987, 562, -1730, 3037, -265, 54, -8, -2360, -258
2997, 494, -1735, 2851, -356, 49, -28, -2381, -252
3007, 528, -1733, 2790, -486, 49, -12, -2411, -248
3017, 451, -1721, 2710, -505, -4, -43, -2442, -245
3027, 446, -1794, 2640, -571, -57, -29, -2479, -246
3037, 508, -1723, 2709, -426, -95, -30, -2504, -250
3047, 471, -1700, 2764, -552, -172, 2, -2534, -258
3057, 480, -1891, 2830, -650, -192, 43, -2574, -267
3067, 479, -1966, 2738, -599, -192, 44, -2614, -276
3077, 576, -2010, 2944, -375, -175, 42, -2637, -286
3087, 646, -2190, 2959, -308, -131, 32, -2660, -295
3097, 684, -1989, 3114, -322, -97, 7, -2677, -302
3107, 655, -1897, 3203, -304, -36, -22, -2689, -305
3117, 684, -1919, 3089, -431, -14, -55, -2710, -308
3127, 663, -1957, 2924, -465, -19, -60, -2736, -310
3137, 662, -1874, 3046, -467, 3, -13, -2758, -311
3147, 698, -1974, 3227, -100, 63, 7, -2758, -309
3157, 721, -2118, 3095, -85, 148, -1, -2761, -302
3167, 646, -2146, 3010, -115, 166, -20, -2768, -292
3177, 581, -2057, 2664, -32, 178, -51, -2772, -281
3187, 484, -1974, 2594, -115, 145, -74, -2780, -269
3197, 511, -2049, 2529, -111, 89, -67, -2791, -262
3207, 524, -2085, 2499, -116, 52, -67, -2802, -258
3217, 678, -1727, 2793, 13, 10, -56, -2793, -260
3227, 617, -1818, 2964, -173, 7, -73, -2796, -260
3237, 628, -1985, 2872, -433, 17, -72, -2819, -261
3247, 544, -1963, 2826, -470, -14, -72, -2844, -261
3257, 585, -2075, 2800, -419, -30, -72, -2869, -263
3267, 692, -2187, 2858, -332, -13, -61, -2890, -266
3277, 734, -2315, 2859, -331, -22, -47, -2913, -271
3287, 685, -2248, 2860, -249, -1, -88, -2930, -274
3297, 630, -2200, 2775, -421, -25, -33, -2956, -276
3307, 680, -2294, 2755, -355, -29, 6, -2981, -280
3318, 736, -2214, 2857, -269, -3, 50, -2996, -284
3327, 707, -2248, 2904, -186, 10, 66, -3006, -286
3337, 804, -2028, 2952, -226, 64, 21, -3013, -287
3347, 706, -2099, 3023, -278, 112, -30, -3024, -283
3357, 570, -2301, 2673, -470, 128, -35, -3055, -275
3367, 495, -2220, 2572, -535, 91, 1, -3089, -266
3377, 588, -2206, 2763, -229, 115, 40, -3101, -259
3387, 607, -2252, 2655, -177, 83, 83, -3112, -255
3397, 575, -2204, 2681, -112, 76, 57, -3118, -251
3407, 568, -2202, 2613, -206, 65, 39, -3129, -247
3417, 458, -2293, 2553, -254, 58, 7, -3147, -240
3427, 482, -2284, 2441, -208, 34, -1, -3163, -236
3437, 563, -2196, 2368, -216, -25, -21, -3178, -238
3447, 613, -2207, 2855, -162, -44, 5, -3183, -242
3457, 693, -2131, 3040, -223, 22, 34, -3188, -243
3467, 610, -2392, 2828, -504, 67, 24, -3218, -240
3477, 523, -2300, 2713, -971, 76, 45, -3275, -234
3487, 659, -2357, 2626, -1142, 77, 16, -3344, -232
3497, 1022, -2356, 2803, -1228, 123, -404, -3415, -237
3507, 516, -2389, 2776, -879, 52, 96, -3464, -232
3517, 729, -2552, 2833, -788, 117, 84, -3509, -229
3527, 571, -2568, 2596, -555, 125, 158, -3543, -222
3537, 726, -2242, 2609, -425, 146, 60, -3561, -218
3547, 451, -2249, 2553, -471, 124, -38, -3582, -208
3557, 228, -2461, 2540, -1048, -10, -10, -3643, -200
3567, 384, -2483, 2559, -857, 127, 92, -3692, -188
3577, 447, -2584, 2367, -530, -21, 110, -3725, -187
3587, 621, -2727, 2246, -283, 9, 51, -3747, -189
3597, 453, -2733, 2269, -417, -21, 45, -3777, -188
3607, 486, -2737, 2407, -1006, -100, 177, -3840, -193
3617, 509, -2735, 2245, -1609, -168, 227, -3941, -203
3627, 506, -2640, 2342, -1599, -165, 187, -4036, -212
3637, 474, -2769, 2474, -1123, -130, 106, -4100, -218
3647, 602, -2749, 2355, -856, -72, 19, -4148, -224
3657, 621, -2822, 2476, -767, -18, 53, -4190, -227
3667, 579, -2946, 2288, -733, -32, 130, -4234, -229
3677, 608, -3062, 2387, -324, 4, 197, -4253, -230
3687, 612, -3092, 2170, 147, 14, 252, -4248, -231
3697, 603, -3125, 2132, 279, 10, 260, -4236, -231
3707, 549, -2991, 2192, 474, 45, 210, -4208, -228
3717, 448, -2932, 2054, 527, 63, 135, -4179, -221
3727, 522, -2696, 1951, 310, 92, 31, -4161, -215
3737, 397, -2630, 2127, 203, 44, -14, -4145, -208
3747, 435, -2751, 2042, -59, -7, 19, -4150, -206
3757, 504, -2809, 2186, -161, 0, 12, -4159, -205
3767, 523, -2710, 2440, 183, 32, 14, -4141, -203
3777, 565, -2823, 2330, 401, 117, -15, -4114, -196
3787, 472, -2770, 2355, 540, 167, -29, -4077, -184
3797, 450, -2754, 2290, 727, 162, -81, -4031, -172
3807, 411, -2698, 2017, 590, 145, -82, -3998, -161
3817, 379, -2671, 2174, 206, 34, -48, -3985, -155
3827, 466, -2519, 2152, -161, -50, -83, -3992, -157
3837, 386, -2633, 2233, -665, -123, -135, -4030, -162
3847, 555, -2697, 2486, -1164, -160, -118, -4095, -173
3857, 527, -2803, 2803, -1219, -97, -51, -4160, -178
3867, 523, -3095, 2513, -1286, 14, 30, -4238, -177
3877, 543, -3108, 2333, -1027, 31, 2, -4301, -176
3887, 343, -3138, 2103, -563, 103, -193, -4340, -165
3897, 563, -2928, 2247, -330, 39, 48, -4357, -164
3907, 535, -2943, 2152, -173, 16, 67, -4367, -164
3917, 540, -2951, 2184, -81, 9, 82, -4370, -164
3927, 522, -2901, 2021, -157, -18, 51, -4379, -166
3937, 456, -2901, 2042, -327, -58, 48, -4399, -168
3947, 480, -2979, 1905, -401, -89, 47, -4427, -172
3957, 405, -2969, 1982, -275, -120, 53, -4445, -177
3967, 460, -2911, 2177, 56, -82, 31, -4437, -180
3977, 477, -2978, 2206, 349, -7, 3, -4413, -179
3987, 461, -3022, 2231, 634, 61, -15, -4372, -174
3997, 460, -2986, 2171, 970, 152, -42, -4311, -163
4007, 551, -2868, 2133, 1241, 211, -100, -4234, -151
4017, 447, -2838, 2039, 1078, 205, -160, -4170, -137
4027, 501, -2816, 2084, 1177, 172, -183, -4099, -127
4037, 454, -2832, 1970, 1121, 105, -111, -4036, -120
4047, 440, -2821, 2241, 1163, 83, -62, -3966, -114
4057, 473, -2921, 2307, 1225, 50, 7, -3894, -111
4067, 509, -2910, 2333, 1364, 60, 15, -3815, -108
4077, 523, -2730, 2364, 1729, 150, -56, -3711, -101
4087, 466, -2608, 2289, 1916, 202, -149, -3596, -89
4097, 469, -2727, 2312, 1863, 172, -169, -3489, -79
4107, 480, -2524, 2405, 1837, 111, -119, -3380, -73
4117, 501, -2516, 2391, 1889, 118, -53, -3270, -67
4127, 438, -2511, 2385, 1734, 64, 10, -3171, -63
4137, 685, -2070, 2703, 1617, 115, -2, -3066, -63
4147, 536, -1933, 2863, 1471, 82, 13, -2967, -61
4157, 555, -1853, 3112, 1389, 36, -24, -2870, -62
4167, 429, -2121, 2961, 925, 85, -1, -2812, -57
4177, 477, -2023, 2980, 933, 52, -36, -2751, -55
4187, 494, -1990, 2946, 1133, 78, -24, -2679, -52
4197, 455, -2025, 2955, 1148, 71, 7, -2609, -48
4207, 409, -1941, 3050, 1094, 84, 16, -2540, -42
4217, 444, -1810, 3141, 1181, 77, 28, -2463, -38
4227, 382, -1861, 3180, 1319, 180, -12, -2380, -26
4237, 417, -1855, 2898, 1465, 211, -112, -2292, -14
4247, 489, -1510, 3150, 1788, 238, -244, -2176, -2
4257, 432, -1573, 3183, 1865, 322, -240, -2058, 16
4267, 363, -1746, 2927, 1514, 276, -250, -1971, 33
4277, 375, -1622, 2813, 1378, 165, -266, -1892, 43
4287, 277, -1624, 2856, 1281, 187, -154, -1820, 57
4297, 337, -1636, 2913, 1142, 58, -49, -1758, 61
4307, 424, -1530, 3050, 1037, 1, 40, -1699, 58
4318, 478, -1404, 3182, 995, 35, 77, -1640, 57
4327, 442, -1365, 3328, 913, 52, 83, -1585, 58
4337, 508, -1259, 3205, 1030, 92, 1, -1522, 59
4347, 446, -1000, 3297, 1023, 81, -10, -1453, 61
4357, 398, -1208, 3258, 985, 113, -68, -1394, 67
4367, 382, -1101, 3098, 1127, 104, -111, -1325, 72
4377, 311, -1083, 3311, 997, 105, -127, -1264, 79
4387, 333, -1050, 3106, 1009, 76, -66, -1204, 83
4397, 313, -1189, 3124, 857, 35, 6, -1158, 86
4407, 375, -988, 3135, 680, -6, 74, -1118, 84
4417, 478, -777, 3292, 552, -8, 122, -1080, 80
4427, 480, -726, 3459, 623, 9, 41, -1037, 76
4437, 439, -556, 3410, 744, 62, -79, -983, 77
4447, 373, -805, 3417, 589, 54, -108, -946, 79
4457, 313, -781, 3357, 496, 66, -105, -914, 84
4467, 313, -843, 3256, 618, 69, -142, -879, 88
4477, 363, -832, 3326, 859, 79, -180, -828, 92
4487, 341, -932, 3120, 970, -11, -118, -776, 91
4497, 290, -918, 3127, 741, -19, -35, -738, 91
4507, 358, -892, 3102, 562, -56, 37, -711, 86
4517, 377, -650, 3154, 491, -96, 49, -683, 79
4527, 351, -740, 3270, 457, -100, 76, -658, 72
4537, 424, -723, 3252, 500, -69, 70, -632, 66
4547, 437, -748, 3185, 620, -93, 64, -599, 58
4557, 365, -786, 3224, 555, -97, 44, -572, 51
4567, 403, -597, 3340, 496, -71, 109, -544, 45
4577, 369, -670, 3340, 600, -72, 167, -512, 41
4587, 418, -696, 3344, 718, -68, 223, -474, 35
4597, 459, -655, 3507, 969, -32, 270, -419, 30
4607, 426, -659, 3354, 1204, -9, 314, -352, 28
4617, 498, -209, 3367, 814, -29, 340, -299, 23
4627, 523, 215, 3742, 527, -41, 246, -253, 17
4637, 382, -3, 3593, 333, -10, 135, -225, 16
4647, 355, -262, 3393, 251, -7, 86, -209, 16
4657, 302, -286, 3304, 168, -10, 82, -200, 18
4667, 288, -358, 3156, 94, -64, 104, -197, 16
4677, 324, -353, 3277, 74, -91, 118, -196, 12
4687, 381, -368, 3323, 198, -83, 106, -187, 7
4697, 362, -394, 3361, 359, -76, 97, -169, 3
4707, 387, -334, 3360, 465, -54, 125, -143, 0
4717, 608, -56, 3433, 454, 27, 144, -112, -4
4727, 386, -165, 3354, 280, -42, 84, -94, -6
4737, 349, -256, 3265, 126, -57, 70, -89, -8
4747, 315, -288, 3176, 124, -97, 53, -85, -12
4757, 359, -399, 3114, 121, -161, 87, -84, -21
4767, 348, -539, 3158, -112, -221, 149, -101, -32
4777, 458, -391, 3392, -171, -221, 203, -117, -47
4787, 505, -286, 3447, -7, -191, 177, -120, -61
4797, 506, -225, 3472, 226, -128, 145, -107, -71
4807, 544, -131, 3577, 399, -72, 145, -82, -77
4817, 574, -136, 3480, 178, -24, 153, -70, -82
4827, 565, 156, 3534, 91, -54, 122, -56, -88
4837, 473, 97, 3568, 74, -30, 50, -46, -91
4847, 390, -77, 3282, -17, -24, -7, -45, -90
4857, 370, -240, 3289, 45, -43, 7, -45, -91
4867, 376, -269, 3232, 13, -81, 26, -48, -93
4877, 428, -337, 3326, -71, -105, 69, -58, -99
4887, 461, -353, 3364, -70, -82, 73, -68, -104
4897, 456, -196, 3379, -151, -79, 100, -78, -108
4907, 496, -130, 3403, -55, -79, 100, -80, -114
4917, 478, -132, 3354, -61, -68, 118, -83, -118
4927, 498, -142, 3372, -88, -65, 118, -88, -123
4937, 481, -245, 3330, 24, -57, 107, -89, -126
4947, 459, -258, 3258, -21, -107, 100, -92, -132
4957, 549, -332, 3345, 8, -104, 119, -96, -140
4967, 535, -363, 3439, 153, -94, 135, -92, -147
4977, 532, -345, 3417, 168, -107, 155, -86, -154
4987, 619, -250, 3451, 99, -47, 158, -82, -160
4997, 554, -156, 3449, 74, -37, 124, -78, -163
5007, 550, -238, 3345, -90, -3, 132, -85, -165
5017, 529, -70, 3376, 26, -14, 111, -81, -166
5027, 462, -81, 3412, 120, -16, 68, -72, -165
5037, 486, -84, 3421, 140, -8, 45, -61, -165
5047, 396, -169, 3437, 184, -3, 112, -50, -162
5057, 509, -172, 3377, 132, -8, 68, -43, -163
5067, 344, -301, 3280, 112, -3, 216, -41, -158
5077, 540, -284, 3341, 25, 18, 244, -43, -158
5087, 549, -259, 3338, 61, -3, 207, -43, -159
5097, 592, -144, 3343, -67, -13, 112, -47, -163
5107, 586, 14, 3489, -186, -43, 57, -55, -167
5117, 560, 69, 3475, -146, 39, -47, -58, -166
5127, 527, 133, 3505, -188, 114, -107, -62, -159
5137, 541, -55, 3511, -78, 70, -182, -65, -156
5147, 509, -183, 3373, -85, 97, -193, -71, -150
5157, 559, -275, 3349, -120, 62, -77, -81, -148
5167, 563, -303, 3346, 16, 26, -27, -84, -148
5177, 538, -214, 3474, 73, 31, 13, -81, -147
5187, 583, -164, 3547, 94, 41, 9, -75, -146
5197, 510, -206, 3402, -21, 22, 9, -77, -145
5207, 491, -171, 3375, -133, 17, -13, -86, -144
5217, 491, -175, 3254, -118, 26, -44, -93, -142
5227, 470, -196, 3250, -160, 0, -78, -104, -142
5237, 523, -357, 3324, -166, 7, -111, -119, -142
5247, 496, -138, 3395, -222, -16, -90, -131, -143
5257, 574, -240, 3557, -140, 11, -29, -140, -144
5267, 566, -254, 3417, -45, 53, -11, -144, -143
5277, 532, -274, 3317, -37, 39, -70, -148, -141
5287, 471, -109, 3497, -27, 31, -127, -147, -139
5297, 384, -125, 3307, -20, 28, -159, -146, -134
5307, 430, -166, 3296, 56, -41, -280, -141, -135
5318, 346, -490, 2822, -51, -109, -161, -154, -138
5327, 328, -438, 2905, 10, -231, -99, -160, -147
5337, 358, -281, 3111, 10, -329, -86, -161, -163
5347, 461, -294, 3335, -47, -339, -41, -166, -183
5357, 541, -300, 3429, -113, -306, -48, -175, -202
5367, 660, -158, 3344, -88, -332, -53, -178, -225
5377, 564, -255, 3496, 80, -354, 4, -174, -247
5387, 601, -235, 3577, 59, -325, 28, -170, -267
5397, 671, -283, 3331, -100, -391, 34, -178, -293
5407, 664, -51, 3424, -288, -526, -232, -190, -327
5417, 439, -147, 3117, -510, -633, -277, -219, -360
5427, 460, -63, 3260, -535, -669, -269, -246, -396
5437, 655, -66, 3563, -289, -609, -217, -258, -432
5447, 693, -192, 3625, -219, -531, -202, -268, -463
5457, 806, -452, 3535, -70, -471, -180, -276, -493
5467, 757, -665, 3409, -10, -476, -160, -286, -522
5477, 651, -715, 3272, -160, -549, -120, -307, -552
5487, 703, -509, 3286, -180, -573, 15, -323, -585
5497, 734, -245, 3210, -263, -629, 29, -336, -621
5507, 822, -116, 3332, -307, -725, -196, -349, -664
5517, 819, -71, 3516, -25, -661, -197, -342, -703
5527, 959, -171, 3541, 72, -622, -210, -333, -741
5537, 1010, -389, 3519, 30, -596, -183, -332, -778
5547, 1053, -478, 3461, 157, -566, -175, -325, -815
5557, 1069, -516, 3404, 113, -547, -129, -323, -850
5567, 1085, -558, 3299, -114, -543, -107, -336, -884
5577, 865, -337, 3480, -166, -553, -84, -345, -913
5587, 1061, -327, 3277, -34, -503, -102, -347, -943
5597, 1093, -310, 3167, -3, -473, -81, -346, -973
5607, 1095, -385, 3212, 6, -476, -32, -346, -1002
5617, 1102, -448, 3064, 8, -492, 12, -349, -1032
5627, 1089, -438, 2935, 141, -524, 40, -343, -1064
5637, 1104, -489, 2915, 136, -546, 69, -340, -1097
5647, 1144, -464, 2757, 114, -636, 133, -337, -1137
5657, 1164, -426, 2981, 127, -709, 185, -332, -1180
5667, 1569, -238, 3401, 178, -693, 4, -318, -1230
5677, 1393, -372, 3354, 280, -623, 53, -302, -1269
5687, 1491, -297, 3580, 320, -559, -119, -282, -1306
5697, 1477, -281, 3558, 188, -504, -175, -269, -1338
5707, 1365, -245, 3482, -7, -472, -180, -268, -1365
5717, 1442, -210, 3399, -221, -419, -89, -279, -1391
5727, 1496, -147, 3173, -339, -429, -140, -295, -1419
5737, 1391, -88, 3261, -169, -475, -312, -299, -1447
5747, 1357, -206, 3269, -18, -444, -249, -297, -1471
5757, 1559, -274, 3248, 92, -425, -176, -290, -1499
5767, 1516, -437, 3312, 50, -446, -54, -290, -1526
5777, 1589, -394, 3229, -50, -470, 47, -296, -1557
5787, 1571, -151, 3246, -43, -483, 106, -294, -1587
5797, 1567, -218, 3123, -23, -492, 68, -293, -1618
5807, 1558, -187, 2974, -45, -492, -39, -292, -1649
5817, 1553, -113, 3177, -108, -485, -159, -293, -1677
5827, 1430, -65, 3243, -69, -515, -320, -290, -1703
5837, 1480, -96, 2947, -141, -495, -398, -293, -1731
5847, 1451, -172, 2737, -139, -587, -618, -298, -1765
5857, 1340, -221, 2840, 117, -642, -642, -288, -1797
5867, 1592, -484, 3002, 275, -658, -451, -277, -1835
5877, 1801, -686, 2825, -138, -737, -289, -298, -1885
5887, 1652, -394, 3062, -213, -734, -106, -313, -1927
5897, 1955, -348, 2913, -120, -805, -243, -321, -1982
5907, 1778, -436, 3127, 38, -828, -227, -322, -2031
5917, 1846, -453, 3062, 36, -772, -184, -324, -2078
5927, 1909, -244, 3063, -3, -775, -216, -321, -2125
5937, 1949, 52, 3112, 131, -756, -290, -303, -2171
5947, 2073, 88, 3218, 371, -726, -392, -269, -2216
5957, 2069, 34, 3209, 381, -825, -486, -236, -2267
5967, 2008, -170, 3335, 443, -781, -414, -206, -2311
5977, 2150, -293, 3252, 317, -714, -356, -188, -2354
5987, 2064, -247, 3273, 128, -665, -354, -180, -2391
5997, 2016, -165, 3113, 97, -574, -297, -173, -2423
6007, 2107, -223, 3051, 233, -544, -254, -158, -2454
6017, 2044, -228, 2957, 313, -563, -234, -140, -2486
6027, 2058, -264, 2831, 172, -581, -219, -132, -2520
6037, 2091, -206, 2684, 75, -602, -261, -128, -2557
6047, 2163, -230, 2833, 7, -629, -199, -129, -2595
6057, 2328, -362, 2934, -355, -621, -60, -155, -2634
6067, 2300, -105, 2900, -506, -605, 18, -183, -2672
6077, 2303, -37, 3065, -303, -587, 34, -196, -2706
6087, 2301, -79, 2936, -234, -562, 55, -206, -2739
6097, 2292, -60, 2872, -159, -543, -2, -210, -2771
6107, 2169, -102, 2963, 70, -530, -31, -202, -2797
6117, 2261, -307, 2719, 51, -511, 0, -201, -2827
6127, 2392, -240, 2747, 94, -484, 1, -195, -2857
6137, 2385, -215, 2624, 71, -509, 32, -191, -2890
6147, 2535, -245, 2798, 111, -511, 101, -185, -2924
6157, 2578, -224, 2832, 208, -509, 133, -172, -2957
6167, 2586, -122, 2900, 17, -485, 126, -168, -2988
6177, 2543, 36, 3148, -17, -483, -58, -162, -3013
6187, 2482, -5, 3058, -153, -406, -155, -165, -3033
6197, 2381, -98, 2731, -186, -343, -194, -173, -3051
6207, 2318, 9, 2491, -215, -355, -216, -179, -3071
6217, 2322, -123, 2434, 11, -398, -231, -175, -3094
6227, 2417, -190, 2415, -150, -495, -251, -184, -3125
6237, 2485, -326, 2584, -333, -549, -106, -208, -3158
6247, 2476, -368, 2651, -418, -553, -80, -238, -3189
6257, 2534, -199, 2557, -292, -562, 16, -254, -3223
6267, 2581, -155, 2516, -22, -580, 80, -252, -3260
6277, 2624, 40, 2507, -130, -647, 72, -250, -3300
6287, 2672, -21, 2788, -71, -662, 32, -247, -3338
6297, 2790, -61, 2778, -131, -594, -84, -249, -3374
6307, 2863, 28, 2755, -338, -576, -253, -260, -3410
6318, 2785, -48, 2738, -310, -533, -303, -272, -3441
6327, 2739, -31, 2515, -31, -550, -315, -266, -3474
6337, 2724, -196, 2259, 348, -613, -347, -243, -3515
6347, 2725, -346, 1963, 381, -734, -417, -225, -3568
6357, 2487, -262, 2120, 271, -816, -436, -210, -3616
6367, 2517, -217, 2154, 243, -844, -361, -195, -3665
6377, 2701, -184, 2486, 261, -789, -230, -178, -3708
6387, 2790, -61, 2728, 88, -731, -117, -168, -3745
6397, 3024, -212, 2811, -28, -640, -24, -169, -3780
6407, 3006, -188, 2617, 122, -561, 44, -161, -3812
6417, 3090, -272, 2263, 316, -523, 79, -145, -3849
6427, 2880, -32, 1988, 504, -617, 88, -109, -3891
6437, 2876, 195, 1881, 557, -797, 210, -60, -3945
6447, 2912, 43, 2175, 655, -867, 214, -14, -3997
6457, 3006, -23, 2412, 673, -856, 199, 29, -4046
6467, 3279, -54, 2718, 615, -760, 230, 68, -4089
6477, 3339, -68, 2803, 450, -623, 205, 95, -4122
6487, 3371, -137, 2717, 179, -480, 151, 103, -4148
6497, 3354, 42, 2513, 70, -371, 33, 110, -4169
6507, 3166, 114, 2149, -145, -359, -23, 107, -4192
6517, 3116, 109, 2067, -138, -398, -100, 105, -4218
6527, 3169, 206, 1874, -2, -498, -186, 115, -4254
6537, 3065, 123, 2052, 340, -604, -126, 142, -4289
6547, 3161, 79, 2284, 409, -585, 1, 171, -4321
6557, 3339, -46, 2484, 531, -493, 35, 202, -4347
6567, 3451, -103, 2442, 571, -361, 8, 232, -4367
6577, 3340, -209, 2208, 424, -286, 19, 250, -4384
6587, 3193, -122, 1971, 225, -283, -46, 258, -4402
6597, 3038, 42, 1861, 90, -311, -75, 264, -4421
6607, 3241, 58, 1627, -43, -366, -113, 263, -4451
6617, 3192, 109, 1930, -86, -443, -200, 261, -4479
6627, 3402, -41, 2037, -82, -456, -165, 253, -4508
6637, 3365, 120, 2377, -214, -453, -90, 243, -4530
6647, 3527, 264, 2386, -75, -364, -53, 246, -4549
6657, 3412, 226, 2296, 81, -322, -50, 258, -4564
6667, 3277, 271, 2169, 185, -297, -62, 278, -4577
6677, 3213, 296, 2037, 173, -246, -65, 298, -4587
6687, 3371, 161, 1946, 129, -259, -62, 311, -4604
6697, 3396, 65, 1912, 12, -278, -55, 312, -4622
6707, 3447, 12, 2074, -28, -268, -31, 309, -4638
6717, 3575, -100, 2277, -89, -176, 19, 297, -4646
6727, 3653, -118, 2358, -222, -82, 90, 277, -4648
6737, 3675, 69, 2486, -294, 62, 115, 259, -4640
6747, 3679, 229, 2476, -251, 241, 64, 250, -4620
6757, 3577, 231, 2358, -203, 379, 20, 244, -4593
6767, 3449, 256, 2192, -186, 502, -29, 241, -4560
6777, 3322, 297, 2116, -229, 557, -101, 238, -4522
6787, 3299, 217, 2051, -187, 607, -90, 234, -4484
6797, 3263, 84, 2051, -185, 663, -97, 225, -4442
6807, 3201, -34, 2130, -252, 729, -96, 208, -4394
6817, 3200, -34, 2005, -283, 786, -78, 189, -4347
6827, 3090, -34, 2028, -495, 821, -51, 158, -4295
6837, 3006, 45, 1983, -521, 808, -39, 129, -4244
6847, 3030, 160, 1909, -364, 791, -5, 115, -4197
6857, 3025, 98, 1752, -261, 681, 79, 105, -4161
6867, 3009, -142, 1726, -318, 571, 155, 82, -4133
6877, 3091, -59, 2188, -130, 528, 210, 74, -4100
6887, 3249, -90, 2434, -98, 572, 230, 67, -4065
6897, 3372, -83, 2650, -3, 693, 272, 66, -4021
6907, 3439, -227, 2681, 80, 779, 326, 65, -3974
6917, 3362, -173, 2486, -26, 871, 303, 60, -3924
6927, 3211, -24, 2458, -129, 918, 266, 54, -3870
6937, 3161, 30, 2395, -292, 962, 170, 39, -3814
6947, 2896, -20, 2380, -381, 1011, 53, 18, -3751
6957, 2831, -186, 2357, -113, 1046, 40, 8, -3685
6967, 2761, -454, 2271, 105, 1029, 63, 2, -3622
6977, 2746, -521, 2235, 206, 1001, 202, 0, -3562
6987, 2749, -273, 2188, 61, 965, 386, -3, -3507
6997, 2771, -54, 2390, 4, 935, 486, -1, -3451
7007, 2883, 183, 2387, -46, 921, 389, 6, -3400
7017, 2815, 331, 2642, -91, 908, 252, 14, -3345
7027, 2698, 398, 2864, -77, 928, 204, 24, -3284
7037, 2809, 217, 3063, 122, 1006, 153, 40, -3220
7047, 2773, -70, 2963, 284, 1132, 61, 58, -3150
7057, 2829, -249, 2978, 548, 1185, 117, 86, -3079
7067, 2730, -392, 2928, 641, 1240, 202, 114, -3004
7077, 2615, -425, 2884, 703, 1288, 310, 145, -2926
7087, 2651, -298, 2781, 684, 1316, 380, 178, -2851
7097, 2566, -165, 2761, 540, 1342, 279, 205, -2773
7107, 2451, 175, 2967, 292, 1351, 56, 227, -2692
7117, 2403, 435, 3008, 318, 1379, 33, 258, -2608
7127, 2221, 100, 2965, -75, 1420, -15, 254, -2520
7137, 2191, 201, 2957, -161, 1442, 62, 248, -2431
7147, 1989, 76, 2754, 11, 1409, 110, 249, -2344
7157, 1871, -136, 2602, 107, 1360, 205, 250, -2260
7167, 1594, -151, 2614, 317, 1287, 382, 262, -2174
7177, 1739, -26, 2318, 230, 1181, 403, 274, -2104
7187, 1705, 84, 2533, 77, 1099, 392, 279, -2037
7197, 1763, 236, 2880, 225, 1047, 287, 298, -1972
7207, 1704, 203, 3081, 337, 1078, 180, 321, -1903
7217, 1810, 107, 3165, 346, 1178, 44, 342, -1832
7227, 1654, 57, 3055, 260, 1221, -197, 355, -1756
7237, 1522, -27, 2872, 132, 1223, -298, 358, -1680
7247, 1657, -443, 2560, 192, 1164, -294, 352, -1615
7257, 1534, -572, 2422, -91, 949, -88, 323, -1563
7267, 1532, -237, 2751, -145, 749, 112, 304, -1521
7277, 1503, 30, 3095, -163, 677, 243, 291, -1480
7287, 1536, 371, 3468, -29, 718, 316, 296, -1436
7297, 1520, 465, 3659, 218, 778, 308, 318, -1387
7307, 1481, 298, 3625, 347, 892, 242, 343, -1332
7319, 1401, 281, 3417, 447, 1004, 266, 373, -1271
7327, 1435, 121, 3198, 440, 1041, 197, 399, -1210
7337, 1397, -182, 2808, 569, 961, 116, 423, -1158
7347, 1316, -289, 2806, 417, 858, 52, 434, -1111
7357, 1227, -184, 3023, 356, 734, 97, 445, -1068
7367, 1259, 65, 3220, 293, 706, 123, 458, -1027
7377, 1199, 75, 3409, 147, 707, 105, 463, -985
7387, 1222, 328, 3756, 11, 801, 57, 465, -936
7397, 1333, 358, 3890, 195, 921, -18, 478, -884
7407, 1397, 93, 3699, 127, 1097, -27, 481, -824
7417, 1265, 140, 3474, -14, 1114, -57, 477, -762
7427, 1019, 237, 3333, 93, 1110, -125, 483, -696
7437, 856, 349, 3178, 76, 1098, -147, 490, -628
7447, 755, 536, 3279, -17, 1059, -203, 497, -561
7457, 642, 363, 3109, 32, 1028, -198, 502, -494
7467, 707, 200, 3245, 225, 1010, -129, 514, -431
7477, 660, -4, 3230, 275, 989, -76, 523, -370
7487, 664, 16, 3215, 221, 974, -31, 529, -311
7497, 817, 76, 3550, 132, 919, -32, 531, -259
7507, 800, 258, 3565, 46, 934, -65, 533, -208
7517, 703, 379, 3395, -77, 927, -129, 530, -155
7527, 674, 354, 3436, -43, 927, -171, 529, -103
7537, 657, 224, 3494, 67, 932, -156, 531, -51
7547, 612, 152, 3390, -52, 913, -100, 524, 0
7557, 613, 119, 3489, -162, 904, -16, 509, 48
7567, 517, -51, 3381, -169, 884, 57, 490, 97
7577, 362, -95, 3195, -126, 826, 116, 473, 147
7587, 449, -15, 3342, -136, 873, 161, 458, 195
7597, 421, 95, 3436, -143, 812, 195, 445, 240
7607, 329, 261, 3381, -364, 791, 184, 424, 285
7617, 375, 436, 3640, -201, 831, 61, 416, 330
7627, 279, 314, 3559, -40, 954, -17, 416, 385
7637, 173, 200, 3403, -30, 1002, -31, 414, 444
7647, 108, 331, 3430, 124, 1010, -39, 425, 504
7657, -22, 158, 3176, 182, 988, 25, 435, 566
7667, -93, 39, 2945, 272, 905, 116, 447, 624
7677, -71, 34, 2917, 419, 765, 211, 467, 672
7687, -98, 43, 3002, 414, 650, 266, 488, 712
7697, -167, 28, 2833, 444, 533, 286, 509, 747
7707, -239, 204, 2995, 251, 425, 299, 523, 776
7717, -180, 513, 3202, 363, 362, 261, 552, 799
7727, 78, 709, 3853, 585, 502, 215, 596, 821
7737, 124, 469, 3900, 585, 673, 121, 633, 851
7747, 21, 76, 3484, 384, 757, 138, 648, 890
7757, 8, -87, 3306, 530, 754, 165, 668, 929
7767, -132, -180, 3026, 195, 649, 292, 664, 965
7777, -35, 52, 3218, 91, 571, 354, 661, 992
7787, -150, 155, 3217, 89, 517, 381, 660, 1019
7797, -216, 223, 3218, -143, 499, 408, 647, 1045
7807, -311, 317, 3153, -107, 452, 389, 640, 1071
7817, -450, 462, 3116, -341, 380, 383, 622, 1097
7827, -365, 541, 3415, -525, 352, 281, 595, 1116
7837, -235, 556, 3710, -485, 437, 181, 569, 1135
7847, -152, 432, 3697, -276, 549, 158, 555, 1159
7857, -284, 193, 3518, -487, 618, 210, 521, 1191
7867, -350, 256, 3390, -402, 621, 247, 496, 1225
7877, -552, 335, 3156, -247, 596, 275, 483, 1262
7887, -658, 321, 2945, -205, 513, 286, 474, 1299
7897, -550, 459, 3330, 107, 499, 234, 486, 1328
7907, -434, 451, 3533, 310, 566, 229, 509, 1357
7917, -589, 359, 3360, 54, 566, 216, 515, 1390
7927, -730, 396, 3077, 79, 536, 150, 523, 1426
7937, -720, 417, 3194, 397, 528, 84, 552, 1460
7947, -595, 269, 3381, 442, 540, 104, 577, 1489
7957, -308, 94, 3577, 374, 580, 151, 594, 1513
7967, -340, 157, 3598, 260, 614, 258, 604, 1538
7977, -554, 121, 3295, 72, 594, 357, 603, 1569
7987, -754, 183, 3131, 53, 563, 352, 602, 1603
7997, -877, 367, 2966, 48, 461, 317, 607, 1635
8007, -860, 424, 3086, 20, 424, 257, 611, 1663
8017, -845, 562, 3210, 0, 416, 196, 617, 1688
8027, -736, 341, 3159, -91, 428, 212, 612, 1711
8037, -692, 357, 3395, -279, 427, 240, 594, 1731
8047, -746, 314, 3191, -193, 434, 278, 582, 1754
8057, -634, 394, 3525, 43, 500, 297, 586, 1775
8067, -641, 277, 3316, 191, 582, 245, 596, 1802
8077, -682, 300, 3157, 221, 607, 213, 609, 1833
8087, -681, 363, 3301, 218, 612, 185, 623, 1862
8097, -784, 293, 3050, 188, 645, 188, 633, 1897
8107, -932, 413, 2890, 124, 608, 174, 644, 1934
8117, -1118, 449, 2700, 78, 521, 143, 653, 1972
8127, -1198, 491, 2725, 42, 459, 97, 661, 2007
8137, -1093, 562, 2825, 247, 410, 60, 683, 2035
8147, -741, 752, 3545, 230, 510, 74, 705, 2053
8157, -665, 401, 3599, 206, 649, 74, 716, 2078
8167, -904, 177, 3063, 10, 707, 140, 711, 2116
8177, -1134, 213, 2718, 100, 587, 223, 713, 2155
8187, -1128, 426, 2861, 250, 497, 233, 730, 2185
8197, -1078, 537, 3004, 254, 446, 192, 749, 2210
8207, -1089, 494, 3044, 139, 415, 151, 760, 2231
8217, -1224, 391, 2667, -37, 307, 107, 758, 2254
8227, -1283, 610, 2893, 4, 272, 178, 764, 2272
8237, -1119, 626, 3220, 279, 334, 123, 786, 2287
8247, -1214, 511, 3034, 231, 377, 88, 802, 2308
8257, -1262, 678, 2999, 328, 393, 45, 829, 2331
8267, -1365, 706, 2803, 325, 337, 4, 857, 2354
8277, -1352, 719, 2854, 305, 281, -40, 883, 2373
8287, -1252, 665, 2997, 301, 216, -19, 906, 2384
8297, -1269, 551, 2999, -22, 146, 61, 905, 2390
8307, -1358, 569, 2875, -161, 53, 132, 898, 2395
8318, -1313, 675, 3192, 96, 79, 81, 907, 2396
8327, -1253, 605, 3199, 256, 109, 31, 924, 2398
8337, -1329, 360, 2858, 142, 70, 6, 928, 2403
8347, -1475, 464, 2631, -26, -29, -38, 926, 2408
8357, -1467, 631, 2668, -62, -131, -94, 927, 2406
8367, -1419, 753, 2948, -31, -200, -137, 932, 2395
8377, -1455, 552, 2699, -79, -262, -177, 929, 2384
8387, -1279, 631, 2944, 112, -280, -120, 939, 2366
8397, -1121, 461, 3138, 299, -308, 7, 954, 2340
8407, -1296, 385, 2958, -85, -397, 98, 944, 2316
8417, -1302, 701, 3169, -19, -473, 16, 946, 2285
8427, -1295, 732, 3210, 94, -472, -79, 956, 2255
8437, -1307, 612, 3127, -7, -483, -121, 957, 2225
8447, -1214, 588, 3151, -51, -502, -173, 954, 2193
8457, -1296, 474, 2845, -117, -558, -201, 945, 2163
8467, -1287, 434, 2616, -103, -648, -138, 937, 2130
8477, -1176, 316, 2492, -216, -826, 48, 919, 2087
8487, -1259, 287, 2413, -820, -1069, 240, 864, 2032
8497, -1181, 495, 2646, -1170, -1244, 336, 795, 1963
8507, -780, 884, 3456, -1035, -1260, 331, 741, 1876
8517, -373, 852, 3999, -782, -1162, 218, 701, 1785
8527, -245, 607, 4186, -830, -981, 105, 652, 1704
8537, -369, 338, 3807, -609, -794, -101, 613, 1639
8547, -418, 235, 3559, 71, -581, -255, 613, 1592
8557, -689, 97, 3065, 285, -491, -269, 624, 1560
8567, -946, 90, 2662, 198, -445, -245, 630, 1543
8577, -1175, 290, 2168, 161, -648, -113, 642, 1526
8587, -1161, 498, 2312, 44, -852, 72, 653, 1494
8597, -1149, 611, 2667, -558, -1056, 175, 628, 1446
8607, -562, 947, 3635, -647, -1064, 153, 602, 1375
8617, -277, 881, 4063, -482, -890, 12, 583, 1308
8627, -345, 566, 3747, -496, -736, -112, 558, 1255
8637, -495, 411, 3425, -360, -694, -218, 538, 1211
8647, -474, 326, 3267, -126, -650, -322, 531, 1170
8657, -505, 313, 3271, -43, -637, -374, 530, 1132
8667, -559, 261, 3242, -160, -641, -403, 519, 1096
8677, -258, 220, 3515, -91, -590, -340, 512, 1055
8687, -229, -122, 3225, -324, -596, -200, 481, 1014
8697, -409, -236, 2847, -694, -680, -18, 425, 976
8707, -311, 113, 3087, -498, -716, 35, 392, 933
8717, -308, 129, 3162, -417, -700, 2, 366, 891
8727, -399, 115, 3000, -401, -713, -53, 340, 853
8737, -448, 112, 2859, -317, -728, -145, 321, 816
8747, -377, 360, 3165, -104, -660, -253, 321, 781
8757, -6, 414, 3623, 397, -533, -409, 352, 743
8767, 339, 269, 3918, 578, -283, -414, 389, 712
8777, 200, -121, 3585, 343, -178, -226, 401, 692
8787, 54, -319, 3125, 172, -191, -58, 398, 676
8797, 40, -159, 3261, 296, -196, 27, 406, 660
8807, 42, -43, 3334, 219, -194, 53, 413, 644
8817, -62, 132, 3269, 18, -236, 39, 412, 629
8827, -137, 251, 3242, 70, -226, -37, 418, 617
8837, -265, 260, 3054, 113, -217, -152, 427, 610
8847, -413, 191, 2820, 69, -262, -270, 432, 606
8857, -248, 344, 2931, 321, -268, -348, 456, 597
8867, 9, 332, 3319, 609, -224, -217, 496, 581
8877, 243, 194, 3354, 381, -203, -57, 517, 561
8887, -90, 109, 2879, -344, -305, 139, 492, 546
8897, -303, 335, 2633, -607, -488, 230, 459, 527
8907, -267, 297, 2736, -415, -625, 193, 437, 499
8917, -153, 353, 3047, -547, -777, 200, 408, 457
8927, -98, 321, 3108, -769, -830, 152, 365, 411
8937, 209, 439, 3514, -630, -819, 27, 334, 357
8947, 255, 344, 3707, -340, -677, -190, 317, 312
8957, 352, 338, 3766, -89, -516, -291, 316, 275
8967, 685, 259, 4039, 299, -410, -221, 336, 238
8977, 635, -57, 3879, -20, -329, -71, 330, 207
8987, 568, -119, 3513, -185, -331, 49, 311, 178
8997, 633, -194, 3543, 42, -385, 93, 305, 145
9007, 368, -19, 3247, -186, -489, 205, 290, 113
9017, 365, 112, 3222, -481, -644, 366, 261, 72
9027, 424, 406, 3389, -475, -691, 299, 240, 28
9037, 369, 427, 3479, -506, -682, 211, 218, -13
9047, 567, 368, 3790, -357, -551, 101, 204, -51
9057, 648, 43, 3758, 8, -400, -37, 204, -80
9067, 428, -121, 3227, 114, -338, -17, 206, -101
9077, 538, -36, 3319, 122, -345, 37, 211, -124
9087, 441, 40, 3212, 82, -442, 95, 216, -150
9097, 578, 198, 3646, -69, -449, 191, 215, -179
9107, 749, 147, 3892, -93, -403, 181, 211, -208
9117, 723, 20, 3754, -176, -368, 165, 199, -235
9127, 744, 38, 3777, -77, -287, 118, 194, -256
9137, 595, -37, 3401, -35, -270, 24, 189, -273
9147, 401, 11, 3161, -292, -329, 32, 171, -288
9157, 553, 99, 3432, -142, -331, -31, 164, -307
9167, 673, -129, 3457, -16, -280, -56, 159, -325
9177, 560, -613, 2741, 43, -391, 127, 143, -348
9187, 680, -484, 2886, 253, -554, 362, 144, -383
9197, 817, -180, 3436, 380, -617, 445, 162, -424
9207, 917, 301, 3868, 294, -504, 438, 186, -459
9217, 1005, 386, 4030, 441, -337, 310, 221, -485
9227, 956, 108, 3825, 607, -165, 187, 258, -499
9237, 909, -25, 3448, 390, -96, 143, 279, -508
9247, 901, 135, 3352, 324, -105, 22, 300, -518
9257, 810, 145, 3286, 424, -90, -4, 326, -525
9267, 732, 112, 3343, 299, -82, -80, 344, -529
9277, 599, 101, 3237, 203, -104, -89, 355, -530
9287, 544, 181, 3207, 71, -99, -95, 360, -530
9297, 538, 313, 3226, 18, -108, -156, 365, -530
9307, 491, 274, 2929, 15, -152, -247, 370, -532
9318, 298, 312, 2313, -236, -364, -371, 363, -540
9327, 34, 512, 2561, -254, -538, -381, 360, -550
9337, 530, 927, 3245, 192, -554, -315, 393, -577
9347, 823, 681, 3690, 101, -542, -252, 410, -609
9357, 954, 233, 3562, -471, -527, -238, 382, -643
9367, 1008, 147, 3509, -526, -545, -231, 349, -680
9377, 1016, -170, 3350, -444, -585, -114, 313, -719
9387, 913, -409, 3116, -191, -665, 55, 286, -760
9397, 892, 41, 3329, 73, -735, 194, 289, -803
9407, 1045, 123, 3579, 67, -765, 58, 293, -850
9417, 921, 340, 3822, 69, -607, -32, 302, -883
9427, 1443, 377, 4245, 486, -406, -116, 336, -913
9437, 1461, -32, 4092, 334, -217, -86, 352, -932
9447, 1486, -214, 3909, 217, -79, -39, 355, -944
9457, 1401, -146, 3819, 156, 69, 13, 356, -945
9467, 1322, -138, 3520, 50, 151, 45, 351, -941
9477, 1121, 72, 3348, -113, 193, 65, 342, -930
9487, 1117, 279, 3277, -47, 249, 17, 343, -916
9497, 1025, 265, 3197, 5, 309, -60, 347, -896
9507, 894, 260, 2864, -152, 318, -99, 341, -874
9517, 762, 351, 2753, -129, 295, -127, 341, -850
9527, 713, 494, 2853, 29, 313, -163, 354, -824
9537, 829, 515, 3104, 134, 384, -204, 372, -796
9547, 805, 332, 2960, 104, 451, -248, 384, -765
9557, 637, 87, 2588, 23, 406, -195, 384, -733
9567, 583, -29, 2502, 84, 312, -125, 384, -706
9577, 619, 128, 2704, 86, 234, -92, 389, -685
9587, 672, 130, 2834, -11, 187, -67, 387, -668
9597, 664, 114, 2791, -98, 137, -29, 380, -655
9607, 684, 38, 2901, -91, 82, 8, 372, -646
9617, 732, -7, 2999, -147, 65, 26, 358, -639
9627, 864, 251, 3244, -147, 81, 32, 352, -634
9637, 923, 248, 3451, 11, 118, -16, 354, -628
9647, 884, 58, 3412, 93, 232, -95, 357, -615
9657, 804, 68, 3290, 236, 281, -135, 369, -596
9667, 796, 19, 3330, 292, 285, -135, 383, -578
9677, 711, -6, 3162, 205, 248, -96, 390, -560
9687, 687, 108, 3289, 45, 231, -3, 391, -543
9697, 715, 290, 3411, 18, 201, -4, 395, -529
9707, 657, 328, 3421, -44, 201, -8, 395, -513
9717, 643, 367, 3414, -10, 212, -39, 399, -496
9727, 590, 310, 3427, 21, 201, -84, 404, -480
9737, 626, 205, 3322, -18, 156, -70, 403, -467
9747, 584, 362, 3364, -29, 89, -30, 405, -457
9757, 736, 376, 3597, 84, 106, -19, 414, -450
9767, 709, 300, 3703, -30, 102, 17, 414, -443
9777, 707, 230, 3654, -172, 100, 37, 404, -436
9787, 784, 281, 3614, -22, 72, 44, 404, -433
9797, 790, 258, 3644, 46, 54, 17, 408, -431
9807, 776, 229, 3635, 65, 62, -31, 412, -428
9817, 763, 258, 3579, 76, 72, -76, 418, -425
9827, 747, 269, 3594, 99, 45, -92, 425, -423
9837, 718, 216, 3568, -25, 63, -81, 423, -419
9847, 768, 200, 3528, -30, 30, -46, 420, -418
9857, 799, 185, 3564, -90, -2, -17, 414, -421
9867, 828, 137, 3580, -157, -7, 2, 402, -424
9877, 800, 224, 3450, -167, -37, 3, 392, -428
9887, 770, 120, 3390, -163, -68, -9, 381, -434
9897, 754, 195, 3277, -101, -88, -27, 375, -441
9907, 705, 161, 3232, -54, -110, -64, 371, -447
9917, 756, 201, 3401, -40, -113, -79, 370, -455
9927, 819, 121, 3493, -7, -91, -87, 368, -462
9937, 849, 103, 3474, -84, -58, -59, 361, -469
9947, 952, 118, 3541, -65, -28, -21, 355, -475
9957, 907, 120, 3526, -143, 3, 4, 345, -479
9967, 889, 97, 3520, -165, 42, 25, 333, -480
9977, 854, 107, 3412, -73, 95, -2, 328, -477
9987, 698, 49, 3237, -75, 106, -3, 321, -469
9997, 496, 26, 2897, -132, 39, 23, 310, -461
10007, 440, 124, 2884, -106, -36, 52, 304, -455
10017, 411, 137, 2942, -159, -111, 65, 296, -454
10027, 565, 252, 3164, -124, -127, 80, 292, -457
10037, 664, 123, 3265, -162, -123, 84, 282, -463
10047, 694, 143, 3257, -157, -138, 97, 274, -471
10057, 733, 169, 3279, -43, -112, 93, 273, -477
10067, 682, 65, 3253, -29, -134, 151, 271, -484
10077, 721, 0, 3141, 5, -109, 90, 268, -490
10087, 728, 123, 3194, 97, -119, 110, 275, -497
10097, 783, 26, 3228, 86, -104, 63, 279, -505
10107, 862, 106, 3277, -86, -83, 33, 273, -512
10117, 920, 67, 3235, -124, -70, -19, 265, -521
10127, 818, 32, 3251, -135, -66, -46, 255, -526
10137, 851, 118, 3331, -6, 16, -37, 256, -527
10147, 819, 130, 3292, -80, 49, -42, 252, -525
10157, 707, 34, 3278, -193, 35, -3, 239, -521
10167, 671, 87, 3088, -197, -9, 39, 228, -520
10177, 709, 82, 3130, -108, -76, 52, 222, -523
10187, 738, 156, 3268, -188, -133, 88, 213, -530
10197, 793, 90, 3443, -193, -163, 138, 202, -540
10207, 1004, -38, 3650, -63, -120, 194, 196, -552
10217, 1049, 4, 3708, 121, -73, 217, 202, -562
10227, 1088, 1, 3718, 163, 9, 189, 210, -567
10237, 1003, -39, 3689, 194, 3, 84, 219, -571
10247, 685, -39, 3446, 245, -6, 93, 232, -568
10257, 615, 157, 3269, 179, -46, 119, 245, -565
10267, 617, 276, 3326, 122, -129, 222, 258, -568
10277, 897, 545, 3851, 63, -124, 197, 272, -576
10287, 937, 531, 3937, -37, -56, 104, 279, -581
10297, 770, 434, 3776, -139, -34, -22, 278, -581
10307, 674, 253, 3541, -164, -83, -127, 272, -581
10318, 648, 110, 3237, -296, -151, -50, 254, -586
10327, 807, -2, 3364, -359, -183, 111, 230, -597
10337, 1148, 122, 3802, -362, -137, 195, 209, -611
10347, 1337, -288, 3728, -430, -68, 287, 174, -626
10357, 1218, -257, 3496, -242, 5, 307, 151, -635
10367, 1201, -281, 3519, -128, -9, 209, 136, -644
10377, 795, -467, 2852, -170, -78, 165, 112, -648
10387, 474, -46, 2888, -205, -199, 235, 99, -649
10397, 467, 286, 3127, -196, -247, 294, 96, -654
10407, 633, 374, 3273, -72, -265, 309, 103, -663
10417, 1000, 300, 3559, 73, -198, 213, 115, -678
10427, 1090, -138, 3439, -91, -155, 83, 106, -692
10437, 955, -58, 3181, -132, -253, 115, 97, -709
10447, 960, 606, 3396, 254, -272, 253, 130, -727
10457, 570, 846, 3159, 465, -404, 372, 182, -742
10467, 755, 716, 2781, 922, -524, 464, 259, -770
10477, 1010, 12, 2911, 1282, -728, 200, 336, -817
10487, 1126, -219, 3179, 760, -729, -61, 372, -866
10497, 1545, -126, 3762, 251, -609, -2, 379, -914
10507, 1759, -690, 3088, -59, -648, 205, 351, -972
10517, 957, -1339, 1892, -470, -972, 452, 268, -1033
10527, 334, -835, 1690, -760, -1131, 449, 185, -1079
10537, 766, -579, 2246, -291, -1215, 324, 146, -1145
10547, 1021, -952, 2957, -697, -1041, 196, 76, -1204
10557, 1631, -124, 3410, -637, -816, 293, 35, -1262
10567, 1403, -387, 3752, -285, -552, 157, 10, -1295
10577, 26874, -25205, -14820, 6071, 7791, 2940, 142, -879
10587, -6176, 17854, -21041, -1799, 1585, 3346, 306, -737
10597, -1667, 5320, 7417, 287, -3698, -548, 383, -925
10607, 10600, 1714, 9501, 2389, -1609, -206, 541, -1093
10617, 3785, 1944, 9313, 345, -180, 10, 574, -1118
10627, 2499, 2604, 7324, 492, -10, -91, 629, -1123
10637, 1980, 3200, 7844, 310, 302, -216, 677, -1102
10647, 1605, 1448, 5984, 198, 520, -672, 701, -1068
10657, 536, 150, 3545, 422, 533, -805, 719, -1018
10667, 438, -986, 2802, 644, 442, -681, 717, -972
10677, 1126, -1199, 3757, 626, 447, -531, 714, -942
10687, 1268, -1230, 3689, 469, 582, -459, 701, -909
10697, 909, -1249, 2912, 52, 571, -269, 656, -871
10707, 1112, -1019, 3024, -615, 479, -88, 580, -845
10717, 1593, 22, 3628, -1053, 637, -57, 507, -819
10727, 1495, 115, 3284, -1268, 794, -166, 425, -784
10737, 1432, 996, 3102, -1187, 755, -75, 375, -750
10747, 979, 424, 2307, -755, 669, 207, 340, -715
10757, 326, 719, 1750, -490, 311, 636, 338, -679
10767, 383, 1032, 2697, -19, 125, 615, 365, -658
10777, 131, 818, 2478, 233, 106, 619, 402, -629
10787, 363, 804, 2705, 723, 174, 504, 467, -605
10797, 525, 89, 2566, 180, 113, 225, 475, -591
10807, 599, 386, 2655, 152, 98, -1, 490, -580
10817, 1049, 320, 3498, 234, 146, -286, 505, -576
10827, 1291, 138, 3792, 161, 219, -251, 511, -573
10837, 1395, 183, 4068, 378, 335, -251, 530, -564
10847, 1607, 795, 4277, 527, 362, -88, 572, -557
10857, 1184, 751, 4291, 543, 348, 8, 612, -542
10867, 1014, 1059, 4498, 410, 313, -46, 649, -525
10877, 1081, 1015, 4524, 712, 326, -110, 703, -508
10887, 694, -193, 4480, 972, -123, 442, 746, -512
10897, 32767, -2247, -32768, 17838, 1308, 14959, 2186, -513
10907, -32768, 897, -1409, 14976, -17221, -6033, 3290, -1377
10917, 23327, -2501, 12156, 1798, -2640, -461, 3313, -1630
10927, -2514, 9020, 3464, -662, -1088, 1030, 3335, -1632
10937, 1582, 7029, 6354, 1317, -900, -354, 3438, -1667
10947, 4196, 4272, 14449, -1212, -1071, 433, 3327, -1726
10957, 2914, 3264, 10929, -1596, 493, -136, 3195, -1685
10967, 82, 225, 4901, -1853, 277, -12, 3024, -1628
10977, -996, -987, 2633, -522, -175, -192, 2904, -1565
10987, 954, -1646, 5436, -476, -43, -17, 2789, -1546
10997, 2078, -764, 6760, 62, 478, -126, 2727, -1510
11007, 1485, -801, 4710, -264, 595, -52, 2643, -1466
11017, 1245, -434, 3683, -291, 455, 119, 2564, -1430
11027, 1553, 221, 4503, -510, 287, 128, 2488, -1408
11037, 1733, 458, 4855, -542, 379, -12, 2416, -1383
11047, 1230, 163, 3806, -448, 394, -118, 2347, -1351
11057, 673, -155, 2792, -633, 318, -106, 2260, -1314
11067, 551, -356, 2375, -934, 112, -87, 2149, -1286
11077, 940, -292, 2781, -1105, 141, -53, 2033, -1269
11087, 1314, -8, 2810, -871, 214, -33, 1942, -1259
11097, 1307, 382, 2659, -453, 126, 50, 1891, -1254
11107, 1041, 790, 2448, -267, 120, 128, 1867, -1243
11117, 1158, 565, 2712, -42, 107, 110, 1848, -1235
11127, 1350, 663, 2562, 11, 47, 194, 1836, -1238
11137, 752, 312, 1817, 203, 44, 194, 1829, -1226
11147, 541, 345, 1708, 473, -78, 180, 1841, -1213
11157, 553, 81, 1664, 394, -192, 147, 1836, -1207
11167, 712, -78, 1832, 290, -253, 220, 1818, -1212
11177, 1088, 95, 2525, 247, -226, 159, 1804, -1225
11187, 1203, 355, 3088, 159, -138, 90, 1790, -1231
11197, 1239, 626, 3774, 290, 7, -124, 1790, -1227
11207, 1421, 1051, 4297, 636, 132, -206, 1818, -1216
11217, 981, 1010, 4413, 605, 79, -48, 1842, -1199
11227, 1168, 1208, 4944, 290, -70, -155, 1848, -1194
11237, 1201, 1110, 5733, -234, -161, -150, 1818, -1194
11247, 32767, -10499, -32768, -9838, 19424, 4989, 1578, -74
11257, -32768, 16422, 26306, 11811, -17765, -5070, 2329, -1063
11267, 10745, -7780, 10531, 3092, 4878, 294, 2403, -818
11277, 91, 6736, 9528, -5259, 149, 576, 2101, -790
11287, -522, 6806, 782, 2879, -1789, 918, 2387, -869
11297, 3659, 5384, 15293, -49, -1356, 547, 2373, -956
11307, 2093, 3584, 10217, -3364, -502, 747, 2158, -984
11318, 1584, 38, 6312, -1456, 519, -257, 2028, -951
11327, -158, -1519, 2948, 109, 302, -159, 1954, -899
11337, 761, -1961, 4280, -155, 118, 141, 1866, -881
11347, 1818, -823, 6067, -31, 445, 107, 1815, -860
11357, 1719, -671, 4829, -254, 520, -80, 1751, -837
11367, 1357, -492, 3416, -465, 532, -17, 1678, -813
11377, 1440, -198, 3444, -733, 452, 132, 1597, -796
11387, 1531, 403, 4023, -786, 394, 144, 1529, -782
11397, 1466, 447, 3892, -617, 488, 2, 1474, -762
11407, 1107, 230, 2869, -415, 566, -134, 1429, -734
11417, 782, -125, 2343, -301, 421, -166, 1381, -707
11427, 723, -305, 2179, -210, 452, -182, 1333, -678
11437, 892, 69, 2568, -194, 346, -62, 1300, -659
11447, 763, 498, 2612, -375, 269, 46, 1271, -642
11457, 682, 940, 2468, -295, 202, 165, 1262, -626
11467, 830, 1211, 2970, -138, 152, 172, 1266, -617
11477, 899, 1118, 2937, -152, 187, 169, 1266, -607
11487, 760, 1018, 2814, -88, 198, 88, 1269, -594
11497, 476, 616, 2805, -240, 177, 51, 1251, -574
11507, -241, 757, 1980, -420, 13, 110, 1234, -538
11517, -227, 805, 2249, -567, -406, 180, 1207, -531
11527, 428, 649, 3277, -478, -445, 127, 1174, -548
11537, 998, 442, 3842, -103, -263, 142, 1157, -568
11547, 1480, 602, 4400, 217, -127, -31, 1162, -587
11557, 1327, 564, 4623, 541, -106, -229, 1186, -601
11567, 1045, -65, 4333, 315, -158, -309, 1182, -613
11577, 948, -475, 4156, -317, -420, -233, 1131, -639
11587, -32768, 6455, 500, -9117, -3269, -6197, 708, -668
11597, 10468, 914, 23476, 18034, 833, -7655, 1798, -649
11607, -3948, 12674, -6842, 1423, 6640, 3383, 2079, -197
11617, 6771, 5944, 17168, -3549, -1858, 187, 1858, -343
11627, -961, 5925, -2732, -921, -1814, 1887, 1978, -423
11637, 3640, 5814, 12928, 1799, -1848, 528, 2095, -552
11647, 3013, 2735, 12477, -2045, -1029, 1102, 1952, -625
11657, 1735, 367, 6929, -1500, -187, 155, 1828, -643
11667, 66, -2078, 3526, -637, -68, 133, 1705, -627
11677, 903, -2775, 4163, -415, -138, 258, 1590, -633
11687, 1996, -1969, 6127, -110, 225, 176, 1522, -632
11697, 1694, -1508, 4822, 73, 459, 4, 1468, -616
11707, 1434, -1123, 4010, 226, 469, -72, 1429, -599
11717, 1683, -513, 4680, -42, 443, -70, 1389, -586
11727, 1524, 172, 4857, -271, 591, -186, 1351, -560
11737, 1049, 236, 4027, -484, 636, -251, 1302, -525
11747, 601, 119, 3035, -713, 535, -257, 1239, -488
11757, 658, -205, 3059, -736, 231, -252, 1166, -472
11767, 844, -464, 3156, -827, 299, -260, 1082, -457
11777, 1123, -246, 2906, -389, 237, -170, 1033, -456
11787, 1094, 29, 2967, -145, 159, -32, 1007, -457
11797, 721, 611, 2572, -90, 84, 184, 1004, -454
11807, 822, 733, 2765, 80, -95, 267, 1015, -464
11817, 959, 907, 2940, 1, -126, 315, 1024, -478
11827, 1069, 619, 2904, -158, -215, 244, 1015, -502
11837, 932, 77, 2268, -72, -209, 214, 997, -524
11847, 982, -116, 2576, -240, -162, 159, 962, -543
11857, 1005, -303, 2431, -107, -89, 34, 930, -558
11867, 770, -448, 1958, 249, -84, 82, 912, -567
11877, 782, 437, 2426, 380, -169, 124, 936, -579
11887, 950, 682, 2758, 658, -285, 24, 981, -602
11897, 923, 364, 3186, 351, -435, 48, 996, -631
11907, 1472, -175, 3808, -170, -495, 34, 964, -675
11917, 1817, -613, 4157, -451, -421, 100, 906, -718
11927, 1725, -359, 4539, -574, -368, 243, 847, -754
11937, -8254, 2292, 1963, -656, -1281, -1932, 870, -684
11947, 23131, -27746, -32768, -2392, -2724, 2867, 429, -893
11957, -19206, 24462, 12602, 70, 352, 1496, 547, -784
11967, 11272, 2083, 18623, 5857, -2486, -3404, 906, -977
11977, 5036, 2816, 3803, -6455, -1832, 3712, 558, -1150
11987, 3660, 8091, 11685, 2142, -2577, 691, 743, -1308
11997, 6244, 1474, 14143, -929, -1010, 854, 684, -1386
12007, 4669, 706, 11242, -1439, 36, 900, 590, -1395
12017, 453, -335, 5266, -362, 30, 622, 552, -1366
12027, 1213, -2196, 5404, -55, 20, 294, 500, -1352
12037, 1725, -2589, 5626, 16, 339, 410, 450, -1326
12047, 1491, -1138, 5313, 236, 589, 177, 436, -1283
12057, 1461, -949, 4442, 324, 570, -21, 429, -1245
12067, 1826, -760, 4529, 248, 676, -68, 422, -1209
12077, 2182, -617, 4690, 78, 789, -167, 408, -1172
12087, 1500, -473, 3588, -377, 696, 41, 367, -1134
12097, 1119, 94, 3088, -559, 563, 150, 331, -1097
12107, 738, -328, 2555, -748, 401, 71, 272, -1062
12117, 715, -839, 1900, -842, 370, -40, 185, -1031
12127, 798, -597, 1898, -426, 222, -178, 136, -1014
12137, 1044, -330, 2188, 73, 254, -192, 129, -1002
12147, 1060, -229, 2114, 211, 435, -157, 134, -980
12157, 1176, 188, 1977, 517, 462, -106, 175, -963
12167, 1285, 374, 2360, 614, 388, 27, 225, -950
12177, 1433, 263, 2260, 454, 291, 150, 262, -950
12187, 1147, 506, 1793, 124, 214, 239, 289, -948
12197, 867, 587, 1865, -17, 146, 178, 311, -940
12207, 720, 84, 1664, 48, 38, 160, 316, -933
12217, 864, -112, 1727, 169, 74, 172, 319, -930
12227, 835, -366, 1796, 241, -1, 115, 316, -931
12237, 776, 33, 2203, 352, -50, 125, 336, -929
12247, 383, 235, 2351, -47, -307, 157, 339, -929
12257, 14, 890, 2268, -446, -731, 283, 339, -942
12267, 577, 1842, 4218, -635, -1046, 402, 336, -991
12277, 1668, 1235, 5908, -631, -1008, 302, 313, -1054
12287, 2386, 469, 6668, -305, -746, 68, 296, -1107
12297, 2850, -424, 6761, -138, -446, 5, 277, -1148
12307, -32768, 2403, 21736, -12637, -2795, -23453, -485, -1185
12318, 31292, -15448, -32768, 12224, -430, 10890, -39, -1269
12327, -5667, 9426, 1626, -4009, 5672, 2560, -132, -835
12337, 8981, 8847, 13476, 8680, -2548, -1445, 463, -1027
12347, 3894, 750, 5224, -5485, -375, 2581, 135, -1089
12357, 3852, 5748, 8074, -852, -1643, 929, 146, -1203
12367, 3351, 2012, 9189, 464, -826, 864, 195, -1261
12377, 4644, 374, 10193, -1325, 1, 324, 115, -1278
12387, 1889, -1240, 4710, -973, 310, 162, 31, -1263
12397, 660, -1459, 2989, -409, 144, 166, -32, -1236
12407, 1528, -2412, 3514, -383, 29, 31, -110, -1236
12417, 2298, -2166, 4063, -205, 162, 127, -165, -1240
12427, 2212, -1370, 4115, 103, 258, 88, -184, -1238
12437, 1976, -812, 3661, 100, 368, -16, -192, -1229
12447, 2003, -582, 3597, 218, 529, 20, -187, -1212
12457, 1880, -281, 3624, 74, 584, 56, -183, -1188
12467, 1523, -39, 3184, 74, 476, 109, -173, -1166
12477, 905, 303, 2768, 47, 350, 169, -154, -1138
12487, 667, 600, 2808, -89, 303, 185, -135, -1105
12497, 690, 323, 2662, -94, 219, 140, -125, -1079
12507, 723, 121, 2397, -90, 170, 186, -120, -1058
12517, 932, 396, 2757, 129, 217, 175, -94, -1041
12527, 928, 498, 2882, 213, 238, 98, -61, -1021
12537, 934, 413, 2821, 258, 290, 17, -29, -1000
12547, 969, 249, 2842, 369, 319, -39, 4, -978
12557, 926, 264, 2899, 411, 294, -62, 40, -956
12567, 813, 133, 2886, 282, 305, -74, 64, -931
12577, 866, 39, 2815, 153, 296, -108, 76, -909
12587, 587, -218, 2297, 102, 109, -29, 77, -892
12597, 443, 58, 2455, -167, -92, 162, 70, -881
12607, 651, 283, 2822, -254, -204, 159, 65, -884
12617, 641, 317, 3015, -272, -245, 122, 60, -889
12627, 912, 302, 3210, -165, -256, 55, 60, -901
12637, 985, 193, 3326, -127, -222, -12, 59, -912
12647, 1287, 372, 3523, -32, -162, -58, 68, -927
12657, 1306, 273, 3683, 95, -128, -224, 82, -939
12667, 1211, 168, 3581, 92, -22, -266, 92, -942
12677, 1517, -182, 3252, 272, -97, -337, 105, -959
12687, 1429, -404, 3265, 447, -157, -294, 122, -978
12697, 1358, -37, 3534, 192, -244, -222, 133, -998
12707, 1405, 164, 3592, 114, -270, -260, 144, -1020
12717, 1322, 57, 3436, -48, -317, -344, 142, -1043
12727, 1518, -89, 3162, -35, -363, -287, 138, -1075
12737, 1638, -86, 3451, 57, -475, -258, 139, -1115
12747, 1569, 41, 3458, -85, -524, -209, 135, -1155
12757, 1810, 124, 3525, 53, -524, -142, 141, -1199
12767, 1875, -311, 3595, -42, -559, -36, 130, -1246
12777, 1746, -340, 3281, -332, -622, 99, 101, -1294
12787, 1680, -95, 3099, -446, -705, 191, 72, -1347
12797, 1652, -24, 3180, -423, -741, 172, 47, -1400
12807, 1533, 134, 3139, -655, -782, 162, 13, -1451
12817, 1629, 265, 3248, -509, -763, 25, -8, -1502
12827, 1690, 391, 3349, -405, -716, -76, -19, -1549
12837, 1782, 161, 3077, -353, -702, -135, -32, -1600
12847, 1751, -182, 2912, -643, -775, -107, -73, -1654
12857, 2129, -170, 3308, -486, -704, -70, -103, -1709
12867, 2316, -451, 3399, -302, -582, -9, -129, -1758
12877, 2381, -649, 3461, -318, -466, 25, -160, -1800
12887, 2383, -600, 3444, -179, -287, -1, -181, -1831
12897, 2353, -469, 3465, 95, -101, -68, -181, -1849
12907, 2262, -530, 3318, 311, 46, -68, -170, -1856
12917, 2208, -486, 3211, 379, 137, -46, -154, -1859
12927, 2001, -330, 3054, 261, 164, 40, -142, -1856
12937, 1925, -197, 3011, 213, 149, 84, -129, -1852
12947, 1820, 53, 3086, 131, 112, 122, -114, -1848
12957, 1829, 282, 3219, 211, 179, 45, -88, -1838
12967, 1826, 87, 3184, 343, 241, -22, -60, -1826
12977, 1732, -56, 2975, 126, 259, -36, -50, -1811
12987, 1739, -81, 2935, 214, 300, -55, -35, -1796
12997, 1867, -341, 3096, 377, 330, -73, -18, -1780
13007, 1919, -527, 2958, 415, 384, -7, -5, -1764
13017, 1887, -476, 3013, 526, 418, 57, 15, -1745
13027, 1687, -309, 2948, 501, 392, 126, 40, -1724
13037, 1575, 41, 3030, 578, 406, 175, 78, -1698
13047, 1482, 272, 3121, 617, 376, 160, 125, -1671
13057, 1492, 284, 3299, 503, 358, 130, 164, -1645
13067, 1518, 266, 3214, 336, 338, 82, 191, -1622
13077, 1550, 394, 3517, 223, 318, 47, 214, -1600
13087, 1726, 374, 3647, 257, 409, -29, 237, -1575
13097, 2047, -24, 3756, 307, 427, -57, 253, -1557
13107, 2279, -112, 3891, 484, 559, -19, 277, -1535
13117, 2553, -199, 4389, 589, 778, 50, 305, -1501
13127, 2677, 153, 4536, 825, 1019, 6, 355, -1455
13137, 2052, -90, 3767, 694, 1325, -78, 390, -1384
13147, 1195, -519, 2417, 567, 1484, -37, 403, -1293
13157, 88, -195, 913, 40, 1368, 159, 391, -1165
13167, -1369, 420, -433, -217, 1123, 246, 467, -936
13177, -2324, 723, -1475, -631, 421, 419, 668, -753
13187, -8289, 11317, 2600, 4113, -1591, 1034, 1052, -763
13197, 11491, 10415, 21840, 19188, -1099, -1411, 2250, -862
13207, 3307, -167, 15165, -155, 1735, -2606, 2195, -760
13217, 1541, -1208, 3643, -6498, 5, 378, 1728, -772
13227, -1214, -1803, -2360, -6905, 685, 3118, 1011, -643
13237, -203, -2341, -2613, -2290, 1490, 2500, 596, -516
13247, -890, -789, -841, 1375, 1183, 1171, 498, -310
13257, -1941, -1102, -1200, 530, -754, -472, 307, -218
13267, -1640, -1245, -3587, -737, -1051, -1016, -57, -208
13277, -957, -1439, -3657, -727, -1631, -1139, -408, -256
13287, 978, -1917, -2070, 322, -1323, -549, -626, -362
13297, 1865, -2296, -186, -214, -1617, 559, -770, -519
13307, 2404, -1287, 1647, -1865, -1678, 1294, -919, -682
13318, 2806, 316, 2873, -2056, -1166, 1420, -1013, -804
13327, 2823, 1102, 3409, -1177, -958, 1058, -1033, -904
13337, 2575, 1294, 3611, -186, -300, 440, -989, -954
13347, 1962, 1246, 4436, -139, -105, -149, -950, -973
13357, 1844, 1002, 3573, -1919, 126, -210, -1020, -981
13367, 1776, 920, 2715, -1673, 225, -181, -1070, -988
13377, 1639, 797, 2495, 283, -243, -109, -1002, -1022
13387, 1497, 392, 2943, 748, 336, -109, -921, -1013
13397, 1711, 245, 3787, -121, 85, -38, -902, -1019
13407, 1432, -61, 3147, -1044, -275, 65, -946, -1044
13417, 1075, -250, 2481, -1439, -196, 144, -1020, -1058
13427, 1364, 87, 2918, -1030, -84, 70, -1057, -1071
13437, 1322, -194, 2974, 306, 39, -269, -1020, -1074
13447, 1196, -527, 2884, 803, 275, -402, -963, -1060
13457, 1342, -612, 2737, 887, 393, -424, -906, -1044
13467, 999, -603, 2231, 1095, 170, -271, -839, -1034
13477, 657, -276, 2210, 924, -22, 61, -772, -1025
13487, 480, 500, 2636, 387, -245, 338, -714, -1022
13497, 347, 975, 3032, 47, -582, 278, -666, -1036
13507, 1084, 1175, 3996, -141, -742, 74, -632, -1076
13517, 1535, 1152, 4644, 401, -726, -218, -570, -1122
13527, 2175, 710, 4907, 1298, 74, -374, -463, -1128
13537, 1317, 336, 4177, 1932, -274, -442, -326, -1143
13547, 9387, 4325, 13008, 8033, -502, 1241, 205, -1214
13557, 7335, 3612, 20030, 4888, -126, -818, 519, -1234
13567, 6195, 856, 12056, -1558, 1485, -649, 422, -1167
13577, 1865, -112, 4132, -3662, 1030, 883, 190, -1113
13587, 1077, 632, 3080, -2740, 545, 859, 40, -1077
13597, 640, 856, 3042, -1809, 991, 161, -43, -1002
13607, -61, -424, 566, -1633, 1263, -380, -166, -872
13617, -1401, -636, -2472, -1048, 786, -354, -549, -712
13627, -960, -725, -2551, 49, 480, -492, -854, -594
13637, -244, -1267, -1497, 240, 99, -409, -1057, -524
13647, 184, -1694, -1072, -104, -414, 147, -1234, -524
13657, 1116, -1376, 399, -481, -549, 513, -1328, -591
13667, 1593, -298, 1523, -176, -416, 581, -1321, -657
13677, 1492, 318, 2191, 42, -132, 301, -1276, -691
13687, 1431, 727, 1867, -5, 43, 8, -1218, -714
13697, 1190, 931, 1893, 225, 82, -125, -1139, -725
13707, 1039, 965, 2081, 175, 127, -271, -1066, -726
13717, 830, 1380, 2312, 38, 119, -380, -993, -718
13727, 1097, 1569, 2934, 93, 228, -484, -920, -709
13737, 1509, 1097, 3284, 344, 336, -649, -849, -703
13747, 1454, 533, 3234, 321, 444, -595, -795, -691
13757, 1700, 325, 3434, 289, 601, -606, -750, -674
13767, 1298, 158, 2974, 210, 644, -626, -715, -647
13777, 1060, 91, 2839, 288, 623, -668, -677, -617
13787, 1018, 249, 2834, 873, 607, -768, -599, -586
13797, 923, 253, 2846, 919, 553, -734, -521, -557
13807, 658, 364, 2730, 672, 442, -527, -455, -527
13817, 727, 294, 2431, 726, 31, -294, -388, -526
13827, 865, 644, 3109, 617, -219, 56, -321, -543
13837, 1097, 1003, 4108, 398, -239, 195, -266, -562
13847, 1425, 1069, 4618, 123, -171, 115, -229, -582
13857, 1479, 1025, 4598, -32, 12, 57, -203, -592
13867, 1418, 1022, 4307, 173, 56, -49, -164, -598
13877, 1202, 874, 4126, 117, 46, -106, -132, -601
13887, 1328, 661, 4072, -63, 66, -112, -115, -606
13897, 1470, 584, 4263, 201, 72, -99, -86, -613
13907, 1586, 515, 4264, 130, 47, 69, -62, -624
13917, 1571, 793, 4180, -254, 41, 98, -57, -635
13927, 1539, 952, 4191, -184, 102, 54, -43, -641
13937, 1564, 930, 4174, -103, 204, -4, -26, -641
13947, 1489, 955, 4143, -34, 300, -91, -4, -634
13957, 1244, 1002, 3735, 45, 402, -178, 25, -617
13967, 1017, 773, 3462, 54, 437, -194, 51, -594
13977, 1049, 412, 3061, 91, 336, -152, 70, -581
13987, 1040, 70, 2654, 211, 204, 21, 87, -577
13997, 1275, 304, 2999, 430, 149, 164, 123, -582
14007, 1099, 436, 3156, 137, 86, 168, 144, -585
14017, 1022, 699, 3044, -22, 76, 150, 163, -587
14027, 1092, 932, 3234, 58, 131, 91, 191, -586
14037, 1083, 881, 3305, 240, 115, -5, 228, -585
14047, 932, 787, 3152, 81, 132, -94, 254, -580
14057, 834, 701, 2999, 47, 83, -191, 275, -576
14067, 867, 710, 2999, 92, 37, -282, 298, -576
14077, 932, 609, 3022, 14, 6, -313, 314, -580
14087, 1059, 536, 3207, -98, 16, -230, 319, -586
14097, 1250, 564, 3381, -151, -23, -153, 321, -598
14107, 1329, 793, 3659, -186, 33, -97, 326, -607
14117, 1238, 791, 3580, -221, 82, -60, 328, -610
14127, 1129, 775, 3276, -196, 143, -60, 333, -609
14137, 1030, 846, 3217, -290, 102, -34, 335, -608
14147, 1010, 812, 3273, -264, 100, -66, 337, -606
14157, 1026, 755, 3342, -217, 135, -90, 340, -603
14167, 1060, 733, 3309, -63, 169, -104, 352, -598
14177, 804, 561, 3096, -65, 170, 3, 359, -587
14187, 903, 634, 2903, -171, 99, 63, 364, -585
14197, 955, 719, 3038, -48, -21, 91, 377, -590
14207, 1018, 565, 3150, -125, -16, 80, 381, -597
14217, 1108, 689, 3420, 5, 85, 23, 394, -598
14227, 998, 250, 3021, 243, 107, -37, 411, -597
14237, 1002, 232, 2805, 301, 144, -42, 432, -595
14247, 888, 367, 2761, 343, 39, -132, 459, -597
14257, 858, 364, 2903, 185, -4, -135, 475, -599
14267, 926, 564, 2975, -44, -63, -118, 482, -606
14277, 980, 718, 3143, -128, -91, -86, 487, -616
14287, 1121, 849, 3587, -22, -12, -82, 500, -622
14297, 1147, 715, 3451, -25, 56, -55, 510, -626
14307, 1169, 697, 3320, -44, 73, -20, 519, -630
14318, 1049, 706, 3272, -23, 64, -26, 529, -631
14327, 1041, 732, 3267, -58, 65, -49, 537, -632
14337, 1033, 719, 3297, 17, 76, -85, 550, -631
14347, 968, 621, 3074, 85, 89, -129, 564, -630
14357, 927, 605, 3013, 116, 79, -121, 581, -628
14367, 1051, 445, 3246, 247, 103, -159, 599, -627
14377, 1198, 383, 3478, 83, 160, -152, 605, -625
14387, 1157, 547, 3508, -116, 192, -101, 602, -621
14397, 1297, 588, 3366, -96, 243, -91, 603, -617
14407, 1047, 505, 3248, -235, 231, -58, 593, -608
14417, 812, 678, 2973, -415, 162, 39, 579, -599
14427, 856, 629, 2753, -183, 110, 66, 579, -594
14437, 732, 588, 2887, 1, 42, 83, 588, -590
14447, 753, 559, 3192, 92, 74, 150, 600, -584
14457, 1046, 508, 3415, 268, 164, 180, 620, -579
14467, 959, 516, 3332, 214, 220, 137, 638, -569
14477, 752, 673, 3299, 201, 230, 144, 658, -554
14487, 846, 807, 3123, 170, 222, 71, 681, -542
14497, 703, 857, 3084, 169, 160, -4, 705, -530
14507, 763, 788, 3098, 201, 106, -8, 728, -523
14517, 730, 676, 3147, -29, 41, 14, 733, -520
14527, 875, 759, 3356, -185, 15, 71, 730, -521
14537, 1085, 607, 3608, -112, 72, 82, 727, -524
14547, 1029, 546, 3479, -263, 119, 85, 713, -522
14557, 949, 750, 3377, -228, 163, 43, 707, -516
14567, 979, 643, 3330, -31, 181, 23, 711, -511
14577, 903, 598, 3169, 105, 195, 7, 723, -503
14587, 857, 629, 3113, 124, 168, 17, 737, -496
14597, 773, 602, 3088, 169, 106, 9, 752, -490
14607, 757, 675, 3032, 232, 57, 46, 774, -487
14617, 899, 664, 3419, 353, 66, 85, 800, -487
14627, 942, 630, 3389, 251, 102, 82, 818, -485
14637, 876, 689, 3309, 195, 91, 38, 835, -483
14647, 930, 710, 3396, 271, 128, -30, 857, -480
14657, 876, 651, 3238, 41, 128, -11, 862, -475
14667, 778, 774, 3132, -202, 85, 0, 857, -471
14677, 790, 1014, 3303, -8, 102, 1, 870, -466
14687, 753, 791, 3685, 132, -477, 156, 882, -495
14697, 720, 702, 3158, -352, 79, 90, 866, -489
14707, 884, 832, 3248, -1, 272, 72, 874, -476
14717, 678, 819, 3478, 28, 651, 9, 882, -434
14727, 853, 769, 3346, 52, 589, -34, 890, -402
14737, 799, 645, 2798, 208, 392, -29, 908, -382
14747, 863, 519, 3054, 209, 427, 45, 920, -362
14757, 707, 560, 2948, -106, 674, -42, 915, -323
14767, 1399, 639, 4049, -103, 639, 92, 907, -301
14777, 1468, 755, 3566, -295, 384, 115, 893, -298
14787, 1395, 668, 3684, 376, -59, 236, 917, -320
14797, 1028, 721, 3461, 630, -479, 369, 959, -359
14807, 113, 1002, 3888, 473, -28, -100, 994, -347
14817, 558, 675, 2710, 133, 375, 3, 1007, -323
14827, 795, 740, 2263, 294, -661, 397, 1034, -371
14837, 145, 523, 3173, 17, -507, 466, 1032, -387
14847, 462, 795, 3300, -889, 380, 291, 981, -358
14857, 517, 779, 3186, -1134, 847, 121, 917, -303
14867, 509, 679, 3045, -1182, 1218, -37, 849, -226
14877, 791, 708, 3340, -869, 1368, -14, 801, -149
14887, 953, 567, 3561, -701, 1458, 154, 759, -71
14897, 1063, 423, 3727, -736, 1418, 209, 712, 0
14907, 934, 405, 3500, -696, 1208, 180, 668, 59
14917, 696, 285, 3221, -468, 1141, 84, 637, 119
14927, 471, 272, 3031, -458, 1080, -29, 607, 180
14937, 380, 579, 3262, -532, 1049, -98, 581, 241
14947, 687, 709, 3433, -208, 960, -45, 578, 287
14957, 470, 505, 3452, 21, 784, -54, 584, 327
14967, 373, 672, 3121, 23, 665, 130, 595, 361
14977, 442, 677, 3290, 223, 691, 337, 618, 394
14987, 147, 359, 3181, -43, 1248, 220, 616, 469
14997, 262, 293, 2645, -632, 2174, -313, 578, 597
15007, 140, 687, 3342, -847, 3076, -887, 536, 779
15017, 195, 604, 3613, -1486, 4364, -1052, 452, 1034
15027, 0, 118, 3515, -1994, 5434, -925, 327, 1355
15037, 530, -456, 2037, -1208, 5633, 129, 233, 1666
15047, -1014, 1001, 3791, -1313, 7063, -192, 175, 2096
15057, -741, 441, 2746, -174, 6765, 18, 178, 2500
15067, -1538, 220, 1981, 332, 6181, 92, 207, 2894
15077, -824, -214, 2193, 419, 6631, -45, 225, 3284
15087, -1860, -7, 2868, 753, 4315, 680, 269, 3543
15097, -1936, -32, 2824, 1080, 3256, 743, 331, 3734
15107, -2297, -284, 2933, 1511, 1859, 762, 412, 3843
15117, -2531, -133, 2458, 1783, 988, 808, 511, 3908
15127, -2706, 451, 2138, 1492, 572, 609, 612, 3955
15137, -3170, 881, 2514, 787, 1505, 113, 680, 4058
15147, -2586, 917, 2269, 28, 2891, -531, 704, 4237
15157, -2856, 882, 2105, -110, 4023, -749, 719, 4489
15167, -2618, 1015, 1868, -244, 4527, -678, 734, 4765
15177, -2416, 915, 2335, 82, 5349, -339, 759, 5075
15187, -3053, 525, 2369, 202, 5383, -52, 778, 5394
15197, -2927, 430, 2047, 149, 4149, -34, 792, 5635
15207, -3234, 411, 1604, 216, 3693, 27, 813, 5857
15217, -3087, 673, 1210, 455, 2603, 142, 864, 6013
15227, -3124, 575, 1110, 653, 1955, 190, 924, 6129
15237, -2962, 597, 1309, 970, 1859, 376, 1000, 6231
15247, -3205, 626, 1175, 926, 1488, 782, 1075, 6314
15257, -3218, 414, 1125, 1036, 1122, 1103, 1145, 6376
15267, -3056, 240, 774, 1001, 646, 1260, 1207, 6415
15277, -2961, 234, 632, 664, 350, 1172, 1248, 6438
15287, -2814, 413, 785, 572, 213, 892, 1292, 6444
15297, -3132, 370, 995, 422, 305, 437, 1319, 6456
15307, -3041, 444, 882, 410, 883, 334, 1352, 6504
15318, -3041, 691, 927, 608, 1258, 512, 1409, 6570
15327, -3377, 846, 975, 712, 1189, 786, 1478, 6633
15337, -3541, 909, 832, 490, 469, 670, 1539, 6654
15347, -3395, 1218, 644, 446, 5, 454, 1616, 6645
15357, -3397, 1330, 510, 437, -72, 300, 1701, 6632
15367, -3165, 1515, 125, 313, 422, 85, 1802, 6648
15377, -3218, 1520, 232, 471, 1368, 221, 1904, 6721
15387, -3386, 1237, 550, 615, 2654, 85, 1989, 6873
15397, -3285, 1063, 665, 973, 3823, 225, 2082, 7093
15407, -3334, 874, 569, 1251, 4500, 424, 2184, 7355
15417, -3363, 998, 364, 1364, 4084, 370, 2305, 7589
15427, -3484, 1052, 522, 1382, 3171, 412, 2422, 7760
15437, -3278, 900, 422, 1304, 1846, 272, 2527, 7848
15447, -3587, 995, 467, 1080, 1112, 294, 2620, 7891
15457, -4172, 315, 370, 552, 488, -208, 2637, 7911
15467, -3280, 376, 781, -79, 399, -1042, 2612, 7906
15477, -3436, 1013, -271, 42, 128, -754, 2683, 7898
15487, -3339, 1098, -558, 207, -225, -564, 2790, 7870
15497, -3270, 1233, -888, 146, -791, -429, 2922, 7804
15507, -3160, 1172, -1214, 113, -899, -208, 3078, 7733
15517, -3160, 1088, -1368, 134, -635, 79, 3247, 7680
15527, -3546, 1257, -815, 60, 119, 132, 3359, 7675
15537, -3955, 1279, -129, 23, 954, 86, 3415, 7720
15547, -4068, 1231, -98, -45, 1454, -25, 3462, 7795
15557, -4005, 1122, -110, -43, 1965, -58, 3504, 7903
15567, -4093, 1090, -98, 13, 2047, -98, 3547, 8014
15577, -4003, 979, -274, 139, 1912, -310, 3604, 8118
15587, -3921, 937, -521, 263, 1863, -476, 3688, 8221
15597, -3957, 810, -636, 112, 1896, -629, 3768, 8327
15607, -3547, 745, -805, -150, 2087, -945, 3851, 8443
15617, -3395, 894, -598, -108, 2126, -646, 3914, 8553
15627, -3402, 783, -472, 90, 1676, -283, 3969, 8635
15637, -3480, 888, -572, 314, 1186, 63, 4052, 8685
15647, -3925, 936, -483, 295, 662, 313, 4125, 8702
15657, -4096, 1029, -497, 175, 23, 272, 4194, 8680
15667, -3969, 1220, -766, 107, -203, 78, 4285, 8640
15677, -3860, 1249, -788, 197, -170, 171, 4382, 8601
15687, -3844, 1043, -706, 261, -288, 282, 4471, 8561
15697, -3857, 847, -713, 170, -459, 211, 4549, 8516
15707, -3742, 899, -798, 134, -632, 265, 4635, 8460
15717, -3743, 982, -1239, 22, -997, 171, 4758, 8379
15727, -3594, 1463, -1603, 43, -1615, 223, 4894, 8246
15737, -3572, 1456, -1664, -107, -2290, 185, 5021, 8075
15747, -3576, 1670, -1724, -160, -2882, 325, 5141, 7865
15757, -3573, 1543, -1430, -200, -3070, 554, 5242, 7653
15767, -3491, 1415, -886, -195, -2788, 725, 5304, 7467
15777, -3401, 1138, -424, -197, -2242, 720, 5323, 7323
15787, -3325, 986, -298, -328, -1551, 534, 5319, 7225
15797, -3047, 729, 280, 49, -1225, 1043, 5286, 7140
15807, -2955, 282, 197, -63, -945, 1228, 5215, 7081
15817, -2992, 222, 408, -311, -1526, 1166, 5119, 6983
15827, -3759, 528, 676, -524, -2736, 1089, 5029, 6812
15837, -3957, 788, 676, -920, -4109, 727, 4931, 6560
15847, -3919, 1273, 670, -1348, -4848, 413, 4833, 6261
15857, -3571, 1599, 233, -1315, -5531, 139, 4768, 5924
15867, -3141, 2021, -449, -1303, -5480, -104, 4749, 5588
15877, -3036, 2357, 176, -834, -5241, 412, 4736, 5261
15887, -2958, 2010, 1109, -690, -5227, 936, 4692, 4935
15897, -2922, 1311, 1164, -1245, -5026, 733, 4591, 4635
15907, -2548, 970, 1239, -1534, -5344, 64, 4459, 4318
15917, -2598, 935, 515, -2068, -5667, -264, 4316, 4006
15927, -2355, 701, 303, -2548, -5915, -534, 4142, 3689
15937, -2171, 920, 748, -2521, -6001, -467, 3969, 3355
15947, -1936, 935, 1109, -2104, -5649, -466, 3816, 3035
15957, -1623, 839, 910, -1541, -4930, -666, 3701, 2763
15967, -1042, 1050, 1347, -997, -4384, -930, 3620, 2500
15977, -1040, 1475, 2498, -7, -4307, -386, 3597, 2229
15987, -1210, 1906, 4376, 305, -4485, 1013, 3585, 1942
15997, -1848, -147, 5562, -549, -5590, 1583, 3479, 1601
16007, -1825, -596, 5011, -2256, -5625, 306, 3263, 1267
16017, -959, 708, 4113, -3089, -4991, -405, 3027, 967
16027, -984, 1084, 3509, -2675, -4396, -441, 2834, 713
16037, -901, 1132, 3461, -1930, -4402, -332, 2691, 462
16047, -726, 1054, 2772, -1434, -4256, -400, 2585, 225
16057, -565, 1091, 1775, -1029, -3708, -753, 2518, 31
16067, -22, 1022, 1161, -885, -2760, -1316, 2471, -117
16077, 713, 1245, 1294, -311, -1787, -1682, 2466, -238
16087, 932, 1010, 2802, 378, -1103, -845, 2473, -317
16097, 460, -466, 4648, 111, -851, -748, 2423, -364
16107, 394, -1178, 5822, -241, -1146, -482, 2342, -426
16117, 272, -1350, 5460, -485, -1911, -309, 2243, -532
16127, 636, -518, 4314, -789, -2645, -187, 2141, -688
16137, 844, 108, 3082, -988, -2856, -74, 2044, -862
16147, 947, 385, 2415, -1058, -2821, -229, 1955, -1035
16157, 975, 669, 2165, -919, -2661, -314, 1888, -1198
16167, 1265, 631, 2213, -597, -2146, -529, 1841, -1335
16177, 1682, 549, 1781, 102, -1533, -683, 1837, -1452
16187, 1603, 577, 1857, 653, -1135, -574, 1868, -1539
16197, 1471, 65, 2721, 738, -1046, -328, 1881, -1605
16207, 1153, -689, 3904, 346, -1085, -340, 1850, -1657
16217, 1044, -740, 4323, 12, -1223, -256, 1800, -1713
16227, 1125, -470, 4138, -246, -1308, -127, 1741, -1775
16237, 1272, 37, 3609, -364, -1216, -70, 1687, -1835
16247, 1311, 343, 3328, -440, -1177, -92, 1639, -1895
16257, 1271, 444, 3232, -481, -1109, -155, 1592, -1949
16267, 1302, 515, 3176, -396, -915, -167, 1553, -1990
16277, 1593, 453, 3277, -273, -645, -253, 1520, -2022
16287, 1547, 173, 3320, -90, -442, -300, 1492, -2039
16297, 1616, 41, 3321, -12, -303, -271, 1465, -2049
16307, 1670, -214, 3342, -65, -198, -196, 1429, -2054
16318, 1893, -243, 3331, -125, -189, -231, 1389, -2063
16327, 1892, -124, 3214, -256, -238, -207, 1345, -2076
16337, 1904, 188, 3055, -308, -279, -156, 1308, -2094
16347, 1810, 220, 2916, -186, -353, -15, 1280, -2114
16357, 1827, 370, 2840, -21, -337, -5, 1267, -2134
16367, 1780, 457, 2736, 182, -208, 16, 1271, -2145
16377, 1796, 433, 2743, 422, -22, 26, 1288, -2146
16387, 1708, 245, 2968, 457, 157, 125, 1300, -2131
16397, 1663, -207, 3517, 299, 193, 74, 1290, -2109
16407, 1770, -510, 3727, 247, 120, 12, 1269, -2092
16417, 1778, -330, 3455, 134, 62, -21, 1246, -2082
16427, 1726, -70, 3359, -13, -127, -49, 1221, -2083
16437, 1644, 168, 3420, -31, -201, 9, 1202, -2086
16447, 1562, 165, 3411, -19, -168, 74, 1183, -2085
16457, 1687, 183, 3312, -39, -164, -23, 1165, -2087
16467, 1580, 317, 3253, -80, -132, -120, 1148, -2085
16477, 1467, 290, 3383, -30, -115, -147, 1134, -2079
16487, 1481, 238, 3313, 29, -121, -157, 1122, -2073
16497, 1580, 25, 3213, 70, -5, -144, 1108, -2064
16507, 1579, 69, 3171, 60, 121, -135, 1094, -2048
16517, 1640, 88, 3190, 37, 119, -118, 1080, -2034
16527, 1522, 21, 3317, 22, 206, -94, 1063, -2011
16537, 1413, 6, 3252, -12, 291, -158, 1044, -1981
16547, 1445, 185, 3092, 18, 416, -191, 1032, -1945
16557, 1512, 304, 2930, 173, 527, -90, 1034, -1907
16567, 1390, 285, 2953, 193, 510, -137, 1037, -1866
16577, 1441, 261, 3107, 174, 472, -181, 1037, -1830
16587, 1479, 69, 3401, 122, 434, -157, 1028, -1795
16597, 1405, -80, 3601, 21, 240, -170, 1010, -1770
16607, 1390, -30, 3607, -144, 43, -234, 982, -1757
16617, 1334, 118, 3550, -282, -80, -233, 951, -1750
16627, 1395, 314, 3216, -308, -108, -258, 925, -1749
16637, 1278, 540, 2993, -260, -89, -241, 909, -1745
16647, 1270, 522, 2844, -159, 37, -177, 900, -1734
16657, 1348, 443, 3015, -131, 253, -59, 890, -1711
16667, 1478, 246, 3318, 7, 292, 58, 882, -1688
16677, 1428, 13, 3340, 196, 403, 106, 880, -1657
16687, 1420, -16, 3284, 256, 491, 109, 880, -1622
16697, 1403, -101, 3153, 258, 581, 77, 878, -1582
16707, 1363, -194, 3019, 133, 738, -69, 866, -1533
16717, 1386, 33, 2912, -129, 864, -303, 845, -1479
16727, 1409, 255, 2931, -154, 788, -318, 829, -1431
16737, 1319, 363, 3062, -82, 478, -259, 821, -1400
16747, 1285, 329, 3208, -7, 71, -158, 816, -1392
16757, 1297, 270, 3414, 107, -171, -5, 816, -1398
16767, 1255, 266, 3272, 182, -210, 57, 821, -1406
16777, 1252, 435, 3352, 233, -87, 27, 833, -1406
16787, 1286, 351, 3364, 385, 166, 63, 852, -1392
16797, 1280, 338, 3422, 451, 317, 53, 874, -1368
16807, 1342, 205, 3391, 443, 277, 53, 892, -1348
16817, 1265, 33, 3652, 317, 124, 77, 897, -1336
16827, 1335, -23, 3561, 325, 49, 188, 901, -1330
16837, 1312, 125, 3276, 131, -17, 72, 897, -1329
16847, 1352, 249, 3188, -8, 13, -14, 888, -1328
16857, 1279, 258, 3196, 0, 114, -21, 881, -1319
16867, 1282, 373, 3221, 63, 150, -2, 880, -1308
16877, 1240, 423, 3140, 169, 153, 26, 888, -1296
16887, 1254, 481, 3013, 287, 201, 49, 904, -1282
16897, 1190, 383, 3091, 290, 237, 82, 918, -1265
16907, 1193, 98, 3233, 271, 198, 102, 921, -1249
16917, 1194, -18, 3398, 144, 237, 51, 914, -1231
16927, 1208, 185, 3454, 47, 285, 10, 906, -1210
16937, 1156, 314, 3457, 7, 247, -4, 899, -1191
16947, 1186, 364, 3467, -15, 206, 5, 893, -1175
16957, 1153, 297, 3460, 32, 218, 31, 887, -1158
16967, 1073, 277, 3477, 72, 267, 59, 884, -1136
16977, 1193, 517, 3292, 105, 281, 59, 889, -1118
16987, 1175, 527, 3240, 183, 281, 120, 900, -1100
16997, 1127, 463, 3213, 288, 196, 204, 915, -1086
17007, 1159, 432, 3250, 305, 152, 192, 930, -1076
17017, 1191, 307, 3339, 241, 93, 142, 937, -1070
17027, 1165, 243, 3278, 133, 49, 69, 936, -1066
17037, 1137, 372, 3231, 116, -8, 52, 937, -1066
17047, 1126, 313, 3192, 113, -6, 46, 937, -1065
17057, 1115, 207, 3133, 69, 93, 6, 931, -1059
17067, 1011, 299, 3251, -94, 181, -91, 918, -1043
17077, 1027, 464, 3292, -82, 146, -88, 910, -1031
17087, 991, 520, 3319, -2, 109, -45, 909, -1020
17097, 975, 451, 3254, 24, 159, -2, 907, -1005
17107, 1041, 340, 3176, -42, 184, -20, 899, -992
17117, 1101, 360, 3075, -241, 147, -145, 879, -983
17127, 1016, 489, 3090, -193, 59, -63, 867, -978
17137, 999, 474, 3130, -73, -4, 36, 861, -976
17147, 1007, 485, 3066, -64, -61, 18, 857, -977
17157, 1045, 456, 3186, -5, -56, 42, 855, -979
17167, 1034, 401, 3302, 13, -33, 62, 852, -979
17177, 1007, 372, 3402, 23, -59, 72, 849, -979
17187, 995, 283, 3407, 51, -64, 98, 846, -979
17197, 1035, 330, 3323, 70, -24, 95, 845, -979
17207, 1063, 273, 3241, 107, -37, 105, 845, -980
17217, 1080, 329, 3233, 184, -44, 148, 851, -982
17227, 1125, 312, 3206, 163, -60, 138, 855, -986
17237, 1035, 238, 3295, 118, 3, 99, 855, -983
17247, 1068, 302, 3289, 134, 69, 106, 857, -978
17257, 1051, 387, 3295, 172, 131, 95, 863, -968
17267, 1089, 440, 3223, 91, 187, 2, 867, -956
17277, 1059, 472, 3292, 106, 209, -1, 871, -943
17287, 1053, 488, 3372, 127, 140, 36, 877, -933
17297, 1007, 488, 3388, 150, 36, 81, 885, -928
17307, 984, 445, 3396, 47, -17, 32, 884, -926
17319, 940, 401, 3436, 23, -9, 48, 881, -923
17327, 891, 311, 3454, -71, 70, -4, 870, -913
17337, 942, 396, 3464, -129, 129, -41, 858, -901
17347, 986, 482, 3319, -67, 91, -1, 852, -893
17357, 1024, 493, 3154, 4, 93, 28, 852, -888
17367, 1021, 301, 3121, -40, 173, -20, 844, -877
17377, 999, 387, 3143, -115, 197, -107, 834, -864
17387, 1041, 475, 3157, -78, 208, -104, 829, -853
17397, 1035, 486, 3247, -24, 215, -73, 827, -840
17407, 916, 344, 3415, -89, 237, -85, 817, -822
17417, 892, 312, 3492, -221, 153, -138, 798, -810
17427, 921, 354, 3455, -254, 95, -130, 778, -802
17437, 957, 512, 3282, -218, 79, -91, 766, -796
17447, 1028, 508, 3131, -98, 31, -24, 762, -796
17457, 1093, 488, 3071, -37, 72, -3, 761, -796
17467, 993, 417, 3078, -49, 42, 48, 758, -794
17477, 1074, 367, 3304, -120, -56, -25, 748, -800
17487, 1042, 372, 3257, -107, -128, -22, 740, -810
17497, 866, 158, 3391, -166, -176, -35, 722, -817
17507, 733, -15, 3368, -672, -75, -281, 669, -814
17517, 912, 121, 3499, -988, 18, -445, 601, -810
17527, 964, 295, 3408, -1084, -67, -441, 533, -813
17537, 971, 469, 3312, -1110, -315, -336, 471, -832
17547, 1014, 342, 3232, -1046, -498, -189, 410, -863
17557, 1031, 156, 3047, -1189, -613, -154, 336, -901
17567, 1158, -301, 3161, -1309, -632, -68, 244, -943
17577, 924, -488, 3095, -2227, -456, -182, 93, -967
17587, 871, -197, 3091, -3503, -479, -238, -125, -991
17597, 648, -101, 4090, -4480, -608, 177, -395, -1014
17607, 533, -107, 4297, -5506, -1272, 820, -723, -1075
17617, 1133, -530, 5131, -5621, -1685, 630, -1060, -1170
17627, 1226, -459, 4359, -6014, -1295, 1064, -1413, -1243
17637, 1302, -378, 4604, -6501, -1025, 1414, -1787, -1300
17647, 1452, -1048, 4219, -6922, -1475, 1937, -2194, -1387
17657, 763, -1758, 3821, -7652, -1558, 2236, -2655, -1463
17667, 1491, -1373, 3787, -7379, -2211, 2397, -3082, -1594
17677, 2112, -555, 1886, -6792, -2493, 2162, -3453, -1777
17687, 2177, -216, 289, -6087, -1482, 1539, -3766, -1944
17697, 2585, -1009, 661, -4018, -805, 1646, -3996, -2055
17707, 1709, -2644, 1209, -2958, -530, 1489, -4197, -2090
17717, 1536, -3339, 1184, -3196, -84, 1162, -4423, -2086
17727, 1825, -2430, 1011, -3471, 358, 1237, -4647, -2074
17737, 1977, -1662, 254, -3275, 1227, 1383, -4861, -2036
17747, 1445, -780, -285, -2941, 1716, 1090, -5038, -1989
17757, 758, -943, -605, -2083, 1740, 771, -5206, -1888
17767, 226, -1661, -312, -1050, 2145, 591, -5304, -1708
17777, -37, -2855, 101, -553, 2272, 338, -5372, -1519
17787, 450, -4002, -184, -65, 2499, 499, -5428, -1338
17797, 779, -4373, -429, 330, 2927, 680, -5466, -1143
17807, 241, -4085, -1000, 753, 1600, 531, -5494, -1018
17817, 187, -3966, -834, 1949, -49, 557, -5443, -995
17827, -42, -3671, 710, 3780, -1396, 792, -5235, -1048
17837, 228, -3840, 4004, 5548, -422, 1397, -4867, -1049
17847, 148, -3857, 5693, 7235, 326, 1591, -4388, -1005
17857, -85, -3653, 5448, 8004, 389, 1633, -3870, -954
17867, 189, -4460, 4500, 7858, -1042, 1445, -3391, -995
17877, -438, -3747, 3877, 6778, -917, 731, -2985, -1015
17887, 21, -3164, 3438, 5907, -478, -192, -2635, -1016
17897, 1128, -3665, 3121, 5728, -410, -420, -2317, -1036
17907, 1384, -2439, 2714, 5812, -214, 55, -1982, -1055
17917, -53, -1673, 3388, 5272, -633, 39, -1661, -1061
17927, 159, -1222, 2313, 3684, -1391, -744, -1441, -1117
17937, 447, -194, 3513, 3381, -1858, -819, -1209, -1209
17947, 778, 29, 4671, 4501, -1990, 147, -907, -1315
17957, 798, -646, 4468, 4667, -864, 279, -616, -1350
17967, 1210, -672, 3888, 4562, 253, -112, -339, -1327
17977, 989, -640, 3466, 4554, 1218, -457, -69, -1241
17987, 819, -568, 3584, 4298, 1640, -757, 182, -1127
17997, 952, -160, 3676, 4122, 1785, -1138, 428, -1010
18007, 566, 249, 3216, 3712, 1686, -1286, 656, -892
18017, 573, 1048, 3138, 3142, 1138, -1194, 866, -810
18027, 668, 1211, 3141, 2646, 569, -1034, 1046, -766
18037, 828, 822, 3386, 2482, 164, -878, 1201, -752
18047, 717, 296, 3329, 2173, -645, -606, 1320, -785
18057, 581, -127, 3092, 1421, -1034, -507, 1379, -838
18067, 495, 42, 3040, 1117, -1128, -366, 1424, -893
18077, 578, 526, 2987, 1206, -965, -246, 1488, -940
18087, 463, 1062, 2806, 1451, -842, -36, 1581, -974
18097, 572, 1303, 2655, 1693, -487, 130, 1696, -990
18107, 823, 1412, 2382, 2082, -143, 268, 1838, -993
18117, 812, 1538, 2409, 2358, 244, 251, 1998, -971
18127, 878, 1355, 2820, 2770, 268, -44, 2170, -949
18137, 529, 1141, 3211, 2970, 249, -164, 2341, -919
18147, 450, 1146, 3383, 2642, 285, -302, 2488, -885
18157, 362, 1098, 3151, 2441, 496, -402, 2620, -836
18167, 266, 1334, 2841, 1803, 630, -739, 2720, -777
18177, 492, 1534, 2538, 1325, 863, -1024, 2797, -712
18187, 430, 1982, 1998, 1412, 975, -1043, 2898, -640
18197, 431, 2130, 1896, 1365, 809, -859, 3001, -579
18207, 397, 2235, 2404, 1103, 612, -596, 3079, -530
18217, 151, 2212, 2910, 851, 448, -208, 3131, -486
18227, 167, 1874, 3345, 369, 334, -78, 3141, -451
18237, 137, 1753, 3429, -6, 128, -157, 3124, -428
18247, 439, 1731, 3058, -72, 325, -53, 3107, -401
18257, 986, 1944, 2905, 318, 813, 185, 3121, -359
18267, 425, 2263, 2207, 359, 489, 267, 3155, -323
18277, 308, 2577, 2259, 32, 250, 106, 3174, -299
18287, 135, 2772, 2706, -5, 270, 119, 3188, -270
18297, 18, 2595, 3184, 153, 453, 48, 3200, -228
18307, 62, 2433, 3440, 131, 512, -95, 3205, -185
18318, 381, 1950, 3276, -78, 588, -339, 3188, -145
18327, 478, 1738, 2871, -15, 652, -256, 3176, -105
18337, 377, 1750, 2317, -87, 678, -87, 3167, -61
18347, 495, 1612, 2150, -262, 542, 119, 3146, -31
18357, 407, 1602, 2364, -341, 328, 335, 3117, -10
18367, 86, 1996, 2479, -630, 411, 430, 3080, 23
18377, -87, 2299, 2646, -697, 408, 457, 3044, 60
18387, -18, 2451, 2807, -558, 511, 395, 3018, 100
18397, 409, 2511, 2961, 44, -435, 407, 3029, 71
18407, -1, 2027, 3222, 185, 129, 260, 3034, 87
18417, 139, 1691, 3094, 159, 310, -36, 3032, 111
18427, 213, 1793, 3020, 26, 550, -250, 3024, 147
18437, 218, 1699, 3014, -28, 934, -342, 3011, 205
18447, 12, 1812, 3026, 5, 1123, -331, 3003, 279
18457, 29, 2056, 2890, 91, 1128, -270, 3008, 352
18467, -36, 2079, 2769, 297, 1168, -133, 3028, 428
18477, 60, 1898, 2769, 292, 1141, -50, 3042, 498
18487, -60, 1585, 2618, 133, 1232, -70, 3040, 576
18497, -171, 1558, 2602, -319, 1454, -162, 3011, 669
18507, -157, 1498, 2761, -564, 1964, -53, 2964, 791
18517, -438, 1766, 3433, -695, 2343, 257, 2909, 938
18527, -248, 2101, 3568, -514, 2484, 580, 2871, 1086
18537, 318, 2305, 3120, 153, 2677, 186, 2885, 1229
18547, -261, 2247, 2913, 984, 2626, -261, 2951, 1381
18557, -556, 1986, 2908, 1198, 2717, -718, 3022, 1543
18567, -758, 1846, 3197, 1022, 2854, -999, 3075, 1715
18577, -833, 1996, 3338, 850, 2895, -1127, 3118, 1886
18587, -707, 2308, 2986, 778, 3003, -931, 3167, 2058
18597, -678, 2823, 2052, 814, 3020, -612, 3242, 2230
18607, -1027, 3040, 1530, 613, 3107, -247, 3319, 2414
18617, -1248, 2560, 1374, 735, 3118, 265, 3397, 2606
18627, -1628, 2212, 1585, 909, 3239, 596, 3470, 2813
18637, -1631, 1884, 1772, 844, 3417, 692, 3525, 3028
18647, -1098, 1485, 1655, 716, 3848, 283, 3562, 3254
18657, -1013, 1697, 1577, 942, 3914, -334, 3620, 3477
18667, -1224, 2004, 1813, 1290, 3727, -561, 3702, 3685
18677, -1752, 2114, 1986, 1370, 3616, -695, 3787, 3893
18687, -1923, 2182, 1806, 1368, 3568, -825, 3875, 4099
18697, -1872, 2276, 1630, 1341, 3516, -869, 3966, 4297
18707, -1993, 1915, 1489, 1327, 3465, -963, 4047, 4497
18717, -2144, 2062, 1399, 1088, 3565, -1172, 4119, 4702
18727, -2306, 2451, 1682, 927, 3525, -1019, 4183, 4896
18737, -2392, 2468, 2040, 911, 3151, -868, 4237, 5061
18747, -2444, 2267, 1791, 716, 2836, -937, 4279, 5209
18757, -2258, 1833, 1235, 569, 2565, -1038, 4312, 5347
18767, -1820, 1264, -154, 265, 2535, -1433, 4365, 5504
18777, -1827, 1324, -668, 353, 2802, -1480, 4460, 5679
18787, -2144, 1519, -891, 712, 3435, -1365, 4594, 5889
18797, -2532, 1803, -982, 1110, 3922, -1087, 4754, 6124
18807, -2745, 2026, -1673, 1141, 4421, -1060, 4949, 6380
18817, -3122, 2004, -1339, 1071, 4537, -953, 5119, 6646
18827, -3102, 2008, -1568, 850, 4566, -835, 5283, 6906
18837, -3369, 1979, -1328, 464, 4542, -639, 5409, 7166
18847, -3955, 2022, -424, 363, 4256, -437, 5478, 7409
18857, -4079, 2176, -303, 309, 3872, -293, 5537, 7622
18867, -3910, 1783, -469, 556, 3138, -107, 5615, 7792
18877, -3498, 1642, -781, 759, 2229, -373, 5721, 7904
18887, -3386, 1564, -1224, 1128, 1682, -414, 5877, 7980
18897, -3544, 1395, -1281, 1411, 1507, -216, 6054, 8049
18907, -3513, 1422, -1529, 1256, 1301, -394, 6234, 8102
18917, -3246, 1675, -2174, 843, 1326, -611, 6412, 8138
18927, -3750, 1908, -1761, 184, 1055, -867, 6522, 8164
18937, -3857, 2247, -1636, -160, 1047, -1126, 6596, 8185
18947, -3547, 2049, -2020, -135, 940, -1169, 6691, 8195
18957, -3523, 1771, -2130, 94, 780, -1099, 6809, 8199
18967, -3524, 1803, -2086, 151, 589, -1098, 6926, 8191
18977, -3569, 1723, -1761, 221, 370, -957, 7031, 8176
18987, -3512, 1645, -1488, 262, 88, -758, 7124, 8147
18997, -3833, 1501, -1464, 57, -59, -750, 7204, 8117
19007, -3846, 1501, -1578, -353, -241, -689, 7264, 8075
19017, -3698, 1362, -1668, -439, -388, -595, 7327, 8026
19027, -3657, 1317, -1625, -369, -418, -432, 7392, 7977
19037, -3791, 972, -1606, -458, 86, -134, 7463, 7968
19047, -3357, 1047, -1768, -382, -197, -212, 7544, 7935
19057, -3353, 1017, -2324, -515, -566, -303, 7646, 7870
19067, -3420, 989, -2561, -464, -799, -423, 7758, 7789
19077, -3506, 1192, -2486, -331, -1017, -567, 7864, 7696
19087, -3811, 1485, -1223, -15, -1040, -420, 7909, 7616
19097, -3864, 1556, -961, -186, -1127, -382, 7923, 7532
19107, -3771, 1456, -1128, -309, -1187, -371, 7942, 7448
19117, -3680, 1326, -1219, -281, -1308, -253, 7972, 7360
19127, -3505, 1145, -1147, -299, -1301, -286, 7996, 7277
19137, -3339, 1137, -1447, -208, -1325, -321, 8051, 7191
19147, -3266, 1187, -1404, -106, -1371, -322, 8106, 7102
19157, -3336, 1306, -924, -31, -1323, -257, 8124, 7018
19167, -3302, 1515, -610, -111, -1368, -150, 8114, 6926
19177, -3196, 1342, -719, -234, -1297, -170, 8103, 6844
19187, -3042, 1125, -1134, -191, -1098, -188, 8131, 6780
19197, -3131, 1159, -1160, -233, -1097, -245, 8158, 6718
19207, -3310, 1140, -740, -448, -1126, -345, 8132, 6657
19217, -3326, 1136, -455, -747, -824, -499, 8064, 6615
19227, -3240, 1021, -482, -751, -632, -471, 7996, 6587
19237, -3266, 803, -532, -584, -378, -319, 7937, 6583
19247, -3093, 862, -668, -531, -127, -238, 7898, 6591
19257, -3303, 958, -660, -491, 93, -208, 7865, 6612
19267, -3421, 912, -817, -720, 384, -276, 7834, 6654
19277, -3431, 742, -1106, -991, 374, -488, 7824, 6698
19287, -3394, 790, -1030, -1025, 289, -570, 7802, 6734
19297, -3498, 934, -1021, -842, 237, -514, 7787, 6764
19307, -3437, 956, -960, -721, 75, -495, 7774, 6783
19318, -3578, 1143, -450, -525, 203, -428, 7727, 6802
19327, -3574, 1248, -330, -381, 460, -315, 7683, 6834
19337, -3709, 1225, -548, -458, 967, -347, 7652, 6899
19347, -3603, 1059, -1054, -441, 1002, -472, 7667, 6969
19357, -3605, 1034, -1283, -418, 738, -576, 7705, 7021
19367, -3611, 1022, -1253, -362, 558, -662, 7744, 7062
19377, -3522, 990, -1156, -91, 381, -553, 7790, 7092
19387, -3502, 786, -1044, 44, 386, -316, 7835, 7128
19397, -3653, 953, -802, 56, 416, -146, 7851, 7161
19407, -3832, 974, -585, 67, 490, 59, 7845, 7198
19417, -3911, 945, -852, -45, 646, -10, 7860, 7246
19427, -4021, 1167, -835, -72, 586, -148, 7872, 7285
19437, -3921, 1087, -912, -87, 446, -251, 7891, 7315
19447, -3765, 983, -1082, -158, 227, -335, 7922, 7333
19457, -3704, 849, -1054, -210, 73, -365, 7949, 7345
19467, -3672, 826, -1040, -139, -26, -324, 7979, 7350
19477, -3597, 627, -949, 3, -53, -227, 8007, 7359
19487, -3572, 623, -831, 105, -84, -61, 8022, 7366
19497, -3715, 705, -771, 48, -173, 2, 8026, 7365
19507, -3784, 897, -672, 62, -104, 10, 8024, 7364
19517, -3763, 962, -698, 55, -14, -17, 8025, 7367
19527, -3689, 913, -900, -66, 44, -131, 8040, 7374
19537, -3641, 794, -1006, -8, 69, -193, 8072, 7386
19547, -3538, 685, -974, -50, 87, -153, 8098, 7400
19557, -3603, 669, -1034, -80, 144, -108, 8131, 7419
19567, -3658, 690, -1046, -18, 250, -46, 8168, 7443
19577, -3628, 805, -965, 30, 317, 10, 8195, 7468
19587, -3717, 871, -839, 102, 234, 99, 8210, 7486
19597, -3702, 879, -1009, 46, 134, 74, 8241, 7498
19607, -3741, 898, -1059, 120, 41, -20, 8281, 7503
19617, -3620, 749, -1146, 60, -72, -141, 8331, 7503
19627, -3535, 667, -1042, 38, -203, -149, 8368, 7498
19637, -3568, 700, -1095, 64, -236, -82, 8411, 7490
19647, -3573, 764, -1074, 144, -353, 2, 8455, 7474
19657, -3618, 761, -915, 174, -349, 97, 8478, 7459
19667, -3596, 771, -1013, 97, -325, 100, 8509, 7445
19677, -3578, 805, -900, 55, -262, 169, 8522, 7434
19687, -3701, 772, -707, 18, -226, 270, 8507, 7427
19697, -3686, 841, -860, 65, -316, 325, 8516, 7413
19707, -3592, 781, -1000, 116, -271, 311, 8546, 7403
19717, -3542, 786, -918, 133, -317, 317, 8565, 7390
19727, -3548, 792, -827, 84, -304, 278, 8569, 7378
19737, -3513, 795, -971, 15, -330, 210, 8588, 7365
19747, -3441, 802, -1053, 96, -328, 204, 8621, 7350
19757, -3474, 851, -986, 97, -412, 166, 8645, 7330
19767, -3538, 925, -803, 24, -436, 82, 8642, 7308
19777, -3577, 943, -675, 38, -469, 50, 8627, 7283
19787, -3629, 914, -552, 36, -509, 45, 8599, 7256
19797, -3636, 906, -510, 25, -535, 94, 8566, 7228
19807, -3692, 1024, -526, -129, -509, 16, 8530, 7200
19817, -3698, 1024, -534, -236, -373, -33, 8489, 7181
19827, -3543, 858, -813, -252, -311, -39, 8473, 7171
19837, -3496, 852, -1023, -137, -364, -11, 8490, 7158
19847, -3564, 814, -986, -41, -423, -32, 8508, 7142
19857, -3615, 836, -873, 29, -453, -31, 8517, 7126
19867, -3744, 857, -658, 49, -503, -39, 8501, 7105
19877, -3665, 810, -618, -25, -672, 19, 8475, 7076
19887, -3696, 789, -504, -24, -823, 76, 8436, 7037
19897, -3744, 833, -465, 54, -863, 197, 8400, 6996
19907, -3672, 877, -605, 118, -857, 264, 8386, 6955
19917, -3575, 840, -696, 225, -908, 338, 8387, 6914
19927, -3531, 830, -729, 309, -971, 408, 8398, 6869
19937, -3476, 925, -529, 410, -1066, 485, 8395, 6815
19947, -3595, 982, -400, 496, -1177, 609, 8387, 6753
19957, -3525, 1063, -454, 401, -1224, 680, 8382, 6688
19967, -3554, 1049, -428, 346, -1314, 657, 8371, 6619
19977, -3576, 1138, -511, 294, -1484, 594, 8367, 6540
19987, -3311, 1070, -632, 258, -1895, 476, 8369, 6438
19997, -3249, 979, -610, 407, -2309, 462, 8376, 6314
20007, -3256, 965, -392, 550, -2707, 482, 8371, 6167
20017, -3185, 796, -66, 399, -2724, 438, 8322, 6019
20027, -3201, 1084, 669, 405, -2525, 741, 8255, 5868
20037, -3358, 1334, 1237, 394, -1833, 1133, 8182, 5749
20047, -3527, 1117, 898, 301, -1633, 1503, 8104, 5657
20057, -3131, 1197, 182, 316, -1867, 1568, 8062, 5558
20067, -3069, 1030, 160, 382, -2490, 1567, 8018, 5427
20077, -3139, 1410, 391, -1, -2997, 1096, 7956, 5257
20087, -3058, 1448, -233, -439, -3389, 1231, 7904, 5073
20097, -3079, 1545, 474, -727, -3694, 1176, 7802, 4863
20107, -3086, 1574, 1170, -937, -3777, 913, 7666, 4640
20117, -3088, 1538, 1242, -1081, -3737, 641, 7522, 4424
20127, -2759, 1628, 975, -865, -3706, 509, 7404, 4211
20137, -2628, 1227, 792, -271, -3610, 479, 7316, 4016
20147, -2295, 1507, 822, 527, -3458, 897, 7288, 3822
20157, -2333, 1978, 1651, 1428, -3047, 1247, 7308, 3639
20167, -2199, 2590, 2246, 1646, -2687, 1386, 7343, 3467
20177, -2166, 2583, 2679, 1417, -2372, 1665, 7356, 3312
20187, -2061, 2291, 3174, 270, -2879, 1393, 7286, 3125
20197, -1619, 1893, 2634, -562, -3644, 1219, 7165, 2893
20207, -1185, 1611, 1944, -800, -4364, 1385, 7035, 2620
20217, -1297, 1677, 1762, -1381, -5007, 1255, 6878, 2318
20227, -1105, 1770, 1791, -1772, -5456, 915, 6702, 1988
20237, -905, 2005, 1728, -1672, -5360, 757, 6543, 1663
20247, -932, 1783, 2034, -1576, -5458, 634, 6382, 1338
20257, -971, 2611, 2163, -1209, -4852, 972, 6263, 1052
20267, -1236, 2862, 2994, -1002, -3631, 564, 6152, 847
20277, -546, 2276, 2917, -321, -3464, 848, 6073, 642
20287, 22, 1150, 3092, 62, -4028, 1204, 5990, 394
20297, 263, 689, 3351, -464, -4129, 1906, 5863, 137
20307, 187, 822, 4721, -994, -3843, 2186, 5704, -95
20318, -273, 1253, 5670, -2008, -3305, 1747, 5490, -283
20327, -384, 1591, 5702, -2429, -3100, 1296, 5261, -453
20337, -288, 1930, 4790, -2595, -2823, 534, 5037, -604
20347, -313, 2105, 3965, -2500, -2556, -130, 4833, -733
20357, -265, 2403, 2964, -2174, -2167, -432, 4669, -834
20367, 118, 2099, 2296, -1936, -1932, -823, 4527, -927
20377, 573, 1609, 1780, -1409, -1899, -1014, 4416, -1031
20387, 995, 698, 1512, -585, -1925, -799, 4328, -1154
20397, 1207, 285, 1490, -345, -1985, -372, 4239, -1290
20407, 1201, 10, 2327, -761, -2026, 76, 4112, -1416
20417, 1290, -164, 3212, -1279, -1919, 210, 3950, -1529
20427, 1238, -173, 3690, -1518, -1700, 348, 3777, -1623
20437, 1089, 157, 3773, -1820, -1310, 258, 3597, -1687
20447, 1062, 684, 3754, -1909, -942, 152, 3427, -1727
20457, 1486, 1116, 3610, -1318, -624, 88, 3309, -1757
20467, 1216, 1234, 3082, -557, -387, 92, 3246, -1768
20477, 1176, 1340, 2513, -76, -290, 14, 3222, -1774
20487, 1140, 1278, 2427, 209, -238, -151, 3215, -1777
20497, 1271, 1112, 2411, 470, -219, -258, 3220, -1783
20507, 1447, 617, 2274, 595, -305, -215, 3217, -1802
20517, 1445, 417, 2450, 186, -494, -114, 3182, -1830
20527, 1273, 375, 3208, -393, -610, -58, 3108, -1855
20537, 1098, 627, 3979, -830, -552, -57, 3012, -1868
20547, 965, 1029, 4352, -1047, -323, -127, 2912, -1862
20557, 855, 1652, 4535, -991, 20, -213, 2829, -1833
20567, 900, 1932, 4265, -664, 357, -324, 2775, -1785
20577, 1047, 2013, 3846, -285, 515, -422, 2750, -1733
20587, 1033, 1598, 3686, -129, 636, -540, 2728, -1674
20597, 1115, 1051, 3584, 37, 789, -611, 2704, -1610
20607, 1605, 329, 3702, 387, 975, -575, 2685, -1548
20617, 1814, -454, 2957, 846, 800, -589, 2672, -1509
20627, 1802, -725, 2094, 284, 527, -452, 2613, -1496
20637, 1732, -743, 2153, -379, 160, -210, 2513, -1503
20647, 1553, -416, 2544, -979, -85, -100, 2393, -1515
20657, 1157, 145, 3220, -1302, -133, -116, 2273, -1514
20667, 977, 742, 3681, -1328, -8, -207, 2167, -1499
20677, 950, 1134, 3768, -1083, 197, -304, 2087, -1470
20687, 889, 1254, 3518, -586, 352, -332, 2044, -1431
20697, 980, 1011, 3328, -74, 550, -272, 2028, -1385
20707, 1009, 529, 3305, 293, 659, -193, 2022, -1333
20717, 1177, 266, 3071, 348, 680, -192, 2014, -1288
20727, 1180, 6, 3261, 275, 706, -31, 1993, -1240
20737, 1268, -101, 3486, 114, 678, 35, 1960, -1197
20747, 1180, 28, 3203, -99, 593, -4, 1919, -1158
20757, 1013, 420, 3068, -192, 495, 52, 1884, -1123
20767, 644, 852, 3254, -181, 487, 93, 1861, -1078
20777, 605, 878, 3278, -110, 579, 153, 1843, -1026
20787, 648, 817, 3276, 93, 546, 107, 1837, -980
20797, 716, 816, 3219, 139, 559, 59, 1834, -935
20807, 992, 539, 3106, 308, 511, 17, 1834, -902
20817, 961, 370, 3052, 505, 448, 79, 1842, -873
20827, 948, 270, 2996, 431, 354, 100, 1842, -850
20837, 1056, 109, 2932, 392, 250, 160, 1836, -837
20847, 1076, 57, 2640, 284, 60, 217, 1821, -839
20857, 809, 508, 2883, 83, -71, 169, 1808, -839
20867, 658, 810, 3113, -9, -89, 108, 1797, -835
20877, 514, 1041, 3515, 64, -50, 83, 1794, -825
20887, 420, 1084, 3852, 157, 55, 102, 1796, -805
20897, 556, 1112, 3875, -17, 137, -39, 1787, -785
20907, 698, 814, 3796, -108, 180, -69, 1767, -765
20917, 865, 453, 3592, -24, 206, 11, 1744, -750
20927, 874, 476, 3359, 85, 205, 112, 1730, -735
20937, 935, 510, 3286, 156, 162, 178, 1722, -725
20947, 940, 463, 3034, 122, 56, 121, 1711, -723
20957, 835, 486, 2954, 72, -29, 62, 1699, -723
20967, 689, 728, 3128, 86, -64, 33, 1693, -721
20977, 613, 710, 3443, 149, -46, 84, 1690, -715
20987, 664, 570, 3522, 135, -6, 128, 1681, -708
20997, 719, 641, 3494, 75, 24, 122, 1671, -701
21007, 732, 807, 3486, 51, 58, 117, 1664, -692
21017, 842, 779, 3448, 69, 74, 55, 1658, -686
21027, 787, 677, 3368, 191, 84, 38, 1657, -677
21037, 709, 664, 3262, 235, 76, -23, 1659, -668
21047, 784, 519, 3150, 181, 86, -57, 1655, -660
21057, 927, 358, 2943, 252, 16, 12, 1651, -662
21067, 938, 363, 3065, 48, -95, 35, 1634, -670
21077, 896, 233, 3460, -211, -132, 30, 1597, -678
21087, 762, 409, 3886, -232, -75, 113, 1563, -678
21097, 855, 403, 3839, -233, 29, 91, 1530, -673
21107, 701, 900, 3515, -371, 107, -64, 1502, -661
21117, 640, 921, 3157, -366, 126, -139, 1478, -647
21127, 647, 876, 2862, -220, 183, -28, 1464, -631
21137, 668, 808, 2621, -61, 128, 120, 1460, -619
21147, 527, 760, 2705, -73, 50, 188, 1454, -608
21157, 488, 779, 3202, -115, 3, 213, 1442, -598
21167, 501, 676, 3520, -208, 55, 163, 1420, -586
21177, 628, 664, 3448, -91, 147, 141, 1406, -571
21187, 635, 627, 3400, 125, 218, 185, 1405, -553
21197, 662, 435, 3189, 131, 227, 129, 1400, -536
21207, 682, 377, 2963, 44, 206, 30, 1389, -521
21217, 626, 494, 2776, 18, 140, -17, 1380, -509
21227, 564, 482, 2730, -58, 68, -75, 1368, -500
21237, 473, 627, 2959, -235, -5, -111, 1347, -493
21247, 380, 779, 3420, -380, -30, -85, 1320, -485
21257, 410, 644, 3623, -574, 51, -174, 1277, -473
21267, 636, 512, 3488, -479, 115, -123, 1239, -462
21277, 626, 640, 3352, -215, 152, -9, 1221, -450
21287, 718, 585, 3232, -112, 154, -31, 1208, -441
21297, 704, 577, 3086, -28, 122, -90, 1202, -433
21307, 725, 372, 3052, 99, 64, -78, 1197, -430
21318, 757, 220, 3047, 79, 8, -93, 1188, -432
21327, 812, 191, 2996, -119, -70, -107, 1165, -440
21337, 729, 403, 3217, -274, -193, -68, 1139, -452
21347, 627, 493, 3609, -222, -185, 29, 1118, -461
21357, 591, 500, 3762, -228, -107, 13, 1096, -463
21367, 603, 588, 3844, -228, -35, -39, 1077, -461
21377, 644, 624, 3804, -40, 55, -43, 1071, -454
21387, 704, 520, 3594, 145, 134, -29, 1074, -445
21397, 756, 476, 3389, 188, 130, -12, 1079, -438
21407, 763, 234, 3408, 154, 106, -26, 1076, -432
21417, 718, 196, 3320, 87, 68, -32, 1068, -429
21427, 650, 371, 3336, -23, 60, 0, 1058, -423
21437, 585, 391, 3487, -149, 40, -35, 1040, -417
21447, 681, 478, 3323, -219, 47, -69, 1022, -414
21457, 629, 644, 3259, -157, 42, -61, 1012, -410
21467, 565, 677, 3331, -150, 42, -121, 1004, -404
21477, 673, 487, 3310, -91, 91, -131, 994, -398
21487, 694, 416, 3390, -4, 130, -105, 987, -390
21497, 754, 314, 3293, -17, 148, -120, 978, -383
21507, 795, 396, 3142, -123, 131, -160, 965, -379
21517, 740, 527, 3147, -25, 123, -84, 962, -373
21527, 664, 463, 3307, 67, 159, -41, 962, -364
21537, 649, 344, 3346, 89, 211, -104, 960, -350
21547, 701, 276, 3145, 40, 223, -150, 954, -339
21557, 779, 302, 2892, 53, 160, -125, 950, -334
21567, 707, 318, 2896, -1, 73, -79, 944, -332
21577, 684, 346, 3109, -115, 14, -103, 931, -333
21587, 671, 364, 3418, -60, 19, -76, 921, -332
21597, 673, 373, 3449, -11, 33, -47, 914, -331
21607, 655, 426, 3460, 44, 82, 11, 912, -327
21617, 661, 446, 3503, 142, 124, 54, 917, -319
21627, 615, 424, 3580, 186, 166, 77, 923, -309
21637, 591, 444, 3549, 187, 188, 84, 930, -296
21647, 564, 466, 3501, 136, 199, 52, 935, -283
21657, 549, 618, 3323, 71, 185, 47, 940, -270
21667, 544, 650, 3397, 33, 164, 48, 943, -259
21677, 495, 594, 3476, -43, 146, 9, 939, -247
21687, 505, 512, 3490, -26, 161, 16, 935, -235
21697, 532, 463, 3394, 11, 159, 44, 932, -225
21707, 547, 360, 3379, -24, 152, 16, 924, -215
21717, 545, 435, 3399, -34, 167, -2, 918, -205
21727, 643, 379, 3353, 33, 187, -13, 914, -196
21737, 646, 271, 3274, -39, 167, -54, 904, -189
21747, 633, 222, 3236, -76, 143, -67, 890, -183
21757, 607, 371, 3272, -27, 153, -28, 884, -176
21767, 465, 361, 3245, 42, 115, 12, 881, -168
21777, 435, 634, 3234, -33, 139, 1, 882, -157
21787, 310, 761, 3399, -31, 160, 69, 885, -142
21797, 355, 613, 3572, 39, 163, 103, 888, -129
21807, 488, 507, 3593, 106, 189, 119, 892, -117
21817, 562, 368, 3638, 219, 261, 179, 899, -103
21827, 569, 446, 3595, 234, 262, 137, 909, -89
21837, 572, 535, 3691, 229, 319, 78, 921, -73
21847, 583, 529, 3841, 424, 398, 46, 944, -52
21857, 472, 347, 3691, 641, 496, 62, 975, -22
21867, 430, 566, 3561, 757, 587, 88, 1019, 12
21877, 327, 634, 3520, 797, 626, 121, 1066, 51
21887, 373, 488, 3312, 719, 640, 49, 1104, 90
21897, 310, 466, 3114, 584, 607, 21, 1134, 127
21907, 360, 479, 2689, 503, 498, 70, 1160, 156
21917, 296, 723, 2461, 268, 329, 66, 1181, 176
21927, 99, 832, 2359, 20, 136, -63, 1191, 190
21937, 38, 1055, 2617, -108, 17, -115, 1197, 198
21947, 93, 936, 2731, 40, -111, -64, 1207, 197
21957, 20, 827, 2902, -75, -161, -197, 1206, 194
21967, 55, 795, 3146, -201, -222, -267, 1194, 186
21977, 118, 803, 3392, -126, -261, -228, 1187, 173
21987, 15, 964, 3567, -126, -267, -332, 1182, 163
21997, -20, 1196, 3584, -409, -239, -568, 1166, 155
22007, -113, 1226, 3763, -522, -152, -762, 1142, 154
22017, -56, 904, 3696, -418, -51, -819, 1119, 159
22027, 101, 358, 3607, -302, 15, -694, 1090, 164
22037, 136, 126, 3466, -115, 47, -424, 1067, 170
22047, 160, 278, 3086, -49, 2, -274, 1053, 173
22057, 256, 377, 2738, -468, -172, -488, 1019, 163
22067, 165, 638, 2720, -830, -359, -691, 971, 145
22077, 12, 863, 2965, -848, -437, -686, 928, 126
22087, -51, 865, 3255, -734, -441, -599, 891, 109
22097, 115, 561, 3353, -542, -420, -430, 857, 88
22107, 201, 396, 3462, -278, -337, -262, 836, 71
22117, 237, 341, 3567, -108, -280, -150, 824, 56
22127, 353, 234, 3423, 8, -221, -69, 817, 43
22137, 379, 179, 3397, 95, -181, 35, 814, 31
22147, 325, 267, 3433, 214, -126, 114, 821, 24
22157, 480, 277, 3309, 297, -120, 163, 833, 14
22167, 321, 623, 3416, 355, -130, 200, 857, 8
22177, 595, 394, 3483, 493, -114, 83, 883, -4
22187, 461, 247, 3364, 535, -56, 179, 907, -9
22197, 515, 203, 3300, 552, -78, 261, 931, -17
22207, 410, 364, 3404, 428, -23, 318, 951, -19
22217, 620, 453, 3353, 363, -90, 178, 969, -30
22227, 588, 719, 3528, 486, -111, 156, 1000, -41
22237, 323, 455, 3580, 558, -113, 170, 1028, -46
22247, 361, 629, 3336, 365, -79, 108, 1049, -49
22257, 339, 833, 3248, 238, -52, 155, 1068, -50
22267, 268, 691, 3212, 47, 48, 70, 1072, -42
22277, 331, 772, 3313, 119, 52, 71, 1081, -37
22287, 457, 583, 3239, 98, 91, 23, 1084, -32
22297, 458, 683, 3338, 122, 128, 53, 1091, -26
22307, 396, 677, 3341, 175, 134, 81, 1100, -17
22319, 540, 588, 3178, 297, 110, 148, 1116, -14
22327, 461, 653, 3177, 262, 97, 149, 1130, -10
22337, 531, 656, 3320, 178, 86, 90, 1139, -8
22347, 588, 504, 3238, 87, 56, 30, 1138, -10
22357, 529, 678, 3590, 95, 81, 39, 1141, -9
22367, 528, 892, 3720, 185, 158, 50, 1154, -2
22377, 441, 670, 3903, 136, 274, -68, 1157, 12
22387, 615, 311, 3817, 193, 381, -58, 1156, 30
22397, 682, 522, 3360, -28, 375, 127, 1148, 44
22407, 762, 382, 2854, -61, 276, 299, 1136, 49
22417, 32767, 3611, 32767, 6538, -10960, 18198, 1524, -707
22427, 23115, -2814, 4320, -979, 987, -2203, 1379, -783
22437, -554, 1772, 4058, 1065, 1540, 46, 1458, -654
22447, 1332, 645, 2969, -1050, 3677, -1557, 1386, -443
22457, 533, 547, 1006, 1595, -1521, 64, 1494, -535
22467, 1754, 799, 1065, 784, -1632, -616, 1561, -688
22477, 532, 536, 2047, 377, 225, -37, 1577, -666
22487, 163, 578, 1901, 244, -244, 133, 1588, -659
22497, -127, 660, 2988, -289, -281, -30, 1560, -648
22507, -92, 864, 3290, -660, -256, -130, 1515, -638
22517, -152, 1129, 3581, -875, -176, -191, 1462, -623
22527, -211, 1381, 3827, -785, -21, -212, 1420, -598
22537, -167, 1323, 3772, -426, 106, -153, 1399, -566
22547, -168, 1186, 3535, -97, 153, -83, 1398, -532
22557, -147, 1083, 3191, -24, 152, -101, 1401, -498
22567, -128, 967, 3017, 42, 108, -76, 1406, -466
22577, -90, 933, 2896, 44, 27, -28, 1411, -442
22587, -176, 1179, 3004, -188, -51, -102, 1407, -420
22597, -184, 1180, 3039, -329, -99, -206, 1395, -402
22607, -166, 1195, 3150, -282, -147, -216, 1386, -388
22617, -72, 1101, 3071, -260, -179, -267, 1376, -379
22627, -65, 965, 2996, -281, -211, -323, 1362, -371
22637, -35, 807, 2910, -273, -286, -361, 1345, -369
22647, 73, 702, 2642, -325, -376, -374, 1324, -374
22657, 136, 695, 2433, -413, -535, -422, 1299, -391
22667, 101, 710, 2563, -456, -650, -480, 1271, -414
22677, 90, 911, 2978, -341, -685, -341, 1254, -438
22687, 135, 802, 3307, -419, -649, -367, 1228, -463
22697, 273, 887, 3224, -393, -628, -388, 1206, -488
22707, 338, 899, 3226, -272, -619, -359, 1193, -515
22717, 489, 776, 3271, -218, -624, -376, 1180, -545
22727, 505, 635, 3416, -182, -620, -372, 1164, -575
22737, 640, 512, 3224, -180, -655, -427, 1147, -611
22747, 674, 389, 3231, -211, -677, -429, 1125, -648
22757, 720, 223, 3448, -442, -673, -420, 1084, -684
22767, 840, 128, 3634, -355, -640, -219, 1046, -721
22777, 1018, 147, 3769, -350, -585, -103, 1010, -758
22787, 1074, 312, 3899, -323, -534, -60, 980, -791
22797, -32768, -25316, -32768, 7798, -10403, 4007, 1153, -1331
22807, 32767, -969, 3504, -783, 7130, -2599, 1060, -1034
22817, 3479, 225, 2913, -3332, 1095, -1207, 845, -1024
22827, 2339, 1065, 4331, 378, 265, 163, 876, -1028
22837, 2470, 1049, 4131, 595, -268, 51, 921, -1067
22847, 1737, 397, 3705, 275, 219, -169, 932, -1065
22857, 1201, -174, 2874, 62, 495, 86, 915, -1038
22867, 808, 471, 2972, 151, 127, 117, 922, -1022
22877, 885, 378, 2667, -151, -67, 40, 910, -1021
22887, 587, 754, 3001, -221, -109, 0, 903, -1013
22897, 439, 794, 3286, -264, -51, -124, 893, -997
22907, 551, 724, 3350, -157, -52, -104, 888, -984
22917, 563, 728, 3426, -17, -25, -51, 891, -971
22927, 568, 685, 3496, -94, 14, -91, 887, -955
22937, 698, 631, 3432, -141, 6, -130, 880, -944
22947, 698, 611, 3455, -136, 0, -137, 873, -933
22957, 755, 527, 3550, -163, 26, -156, 862, -922
22967, 883, 479, 3536, -59, 40, -107, 856, -914
22977, 837, 428, 3581, -19, 55, -97, 851, -903
22987, 880, 487, 3437, -109, 65, -145, 843, -894
22997, 839, 512, 3456, -76, 71, -120, 837, -883
23007, 797, 404, 3437, -19, 96, -84, 833, -871
23017, 723, 326, 3251, -42, 95, -56, 825, -857
23027, 754, 285, 3057, -54, 50, 14, 817, -847
23037, 687, 464, 3023, -111, -10, 38, 810, -839
23047, 582, 609, 3006, -175, -37, 25, 804, -830
23057, 619, 747, 3174, -92, -110, 21, 805, -827
23067, 533, 820, 3181, -101, -69, -31, 809, -818
23077, 540, 735, 3148, -98, -40, -100, 810, -808
23087, 559, 653, 3066, -19, -75, -123, 814, -802
23097, 526, 575, 3102, -56, -116, -112, 814, -797
23107, 558, 514, 3220, -56, -121, -71, 811, -793
23117, 512, 520, 3402, -54, -108, -27, 808, -787
23127, 506, 588, 3520, -50, -60, -11, 806, -777
23137, 517, 697, 3532, -53, -1, -29, 807, -765
23147, 514, 768, 3397, -39, 30, -71, 812, -751
23157, 644, 626, 3186, -45, 32, -127, 813, -741
23167, 730, 508, 3188, -45, -10, -137, 811, -737
23177, 781, 376, 3275, 45, -22, -50, 811, -734
23187, 888, 165, 3420, 14, -3, 2, 802, -732
23197, 997, 119, 3490, -95, -16, 12, 786, -735
23207, -11060, -3211, -15, -805, -2981, 4750, 573, -753
23217, 2579, 2869, 3190, -888, -2337, 1740, 580, -927
23227, -348, 979, 3917, 475, -759, 32, 622, -938
23237, 199, 556, 4460, -506, 1408, -657, 593, -829
23247, -1, 791, 3598, -765, 1239, -1364, 557, -728
23257, 1152, 860, 2594, 183, 210, 49, 588, -724
23267, 1226, 114, 2598, 476, 156, 192, 612, -727
23277, 992, 116, 2686, -107, 94, 138, 600, -726
23287, 770, 390, 3151, -192, -31, 195, 590, -724
23297, 415, 760, 3366, -147, -84, 161, 592, -715
23307, 351, 987, 3274, -107, 26, 75, 603, -698
23318, 345, 864, 2981, 91, 97, 45, 625, -677
23327, 350, 643, 2793, 169, 31, 67, 645, -660
23337, 302, 598, 2829, 32, -38, 42, 656, -647
23347, 245, 770, 2932, 0, -119, 51, 668, -637
23357, 188, 852, 3161, -34, -166, 19, 679, -629
23367, 198, 854, 3359, -40, -138, -30, 688, -620
23377, 280, 711, 3364, -89, -125, -68, 691, -612
23387, 342, 652, 3389, -76, -134, -47, 692, -607
23397, 302, 638, 3588, -83, -123, -42, 692, -600
23407, 286, 659, 3631, -146, -84, -89, 688, -590
23417, 325, 639, 3652, -94, -38, -102, 687, -579
23427, 344, 637, 3406, -81, 8, -145, 688, -566
23437, 408, 507, 3218, -100, -30, -149, 685, -557
23447, 434, 584, 3263, -95, -44, -124, 684, -550
23457, 495, 512, 3394, -113, -97, -94, 680, -547
23467, 458, 574, 3531, -112, -87, -105, 677, -544
23477, 491, 649, 3520, -69, -42, -122, 679, -538
23487, 478, 647, 3369, 10, -8, -165, 685, -530
23497, 569, 656, 3241, 89, -13, -155, 698, -525
23507, 710, 502, 3087, 26, -64, -189, 703, -527
23517, 773, 457, 3231, -79, -133, -215, 699, -535
23527, 790, 530, 3415, -95, -187, -185, 696, -547
23537, 820, 480, 3534, -195, -134, -183, 685, -555
23547, 921, 370, 3634, -159, -96, -119, 674, -563
23557, 1009, 291, 3411, -92, -64, -48, 665, -572
23567, 1174, 225, 3204, -55, -29, -29, 658, -584
23577, 1236, 112, 3164, -54, -49, 10, 647, -599
23587, 1348, -39, 3024, -60, -111, 55, 632, -621
23597, -32768, 16194, -13141, 2731, -1312, 8678, 1040, -572
23607, 7979, 2231, 5858, -2894, 1609, -1549, 881, -555
23617, -1238, 1513, 4059, -233, 1376, 595, 885, -426
23627, 1344, 1166, 5092, 68, 365, 1376, 895, -413
23637, 2112, 1710, 6478, 510, 2364, 1119, 936, -286
23647, 1320, 360, 1492, -714, 99, 953, 896, -316
23657, 1305, -180, 2029, 433, 38, 503, 901, -342
23667, 687, 13, 2082, -74, -200, 471, 883, -359
23677, 177, 673, 2845, -420, -260, 336, 863, -361
23687, 14, 1076, 3411, -205, -206, 301, 864, -357
23697, -155, 1057, 3587, -49, -85, 136, 873, -341
23707, -27, 821, 3554, 3, 75, -6, 879, -320
23717, 38, 586, 3304, 128, 140, 11, 888, -295
23727, -2, 678, 3037, 66, 104, -5, 896, -272
23737, -101, 981, 3044, -77, -4, -73, 904, -253
23747, -171, 1083, 3232, -129, -36, -153, 911, -235
23757, -81, 937, 3272, -90, -61, -180, 915, -222
23767, 70, 840, 3203, -166, -100, -215, 912, -215
23777, 193, 660, 3334, -214, -135, -230, 901, -213
23787, 281, 723, 3537, -244, -172, -214, 889, -217
23797, 310, 686, 3714, -184, -134, -186, 880, -219
23807, 369, 636, 3802, -67, -52, -163, 876, -217
23817, 509, 478, 3685, -4, 38, -145, 873, -213
23827, 554, 483, 3562, -40, 80, -168, 868, -208
23837, 642, 589, 3264, -95, 84, -178, 863, -206
23847, 716, 461, 3201, -101, 2, -232, 856, -211
23857, 699, 410, 3151, -72, -71, -234, 849, -220
23867, 693, 459, 3186, -37, -108, -192, 845, -230
23877, 766, 441, 3283, -68, -146, -199, 839, -245
23887, 927, 362, 3315, -80, -165, -175, 830, -264
23897, 892, 419, 3302, -49, -169, -130, 824, -283
23907, 936, 430, 3369, -43, -158, -132, 819, -301
23917, 924, 454, 3462, 24, -137, -105, 819, -317
23927, 886, 402, 3590, 96, -69, -58, 821, -328
23937, 1008, 321, 3504, 92, -44, -43, 821, -340
23947, 1097, 396, 3469, 38, -37, -35, 820, -354
23957, 1086, 483, 3557, 37, -13, -41, 821, -365
23967, 1045, 445, 3581, 33, 21, -61, 820, -373
23977, 968, 631, 3592, 77, 68, -33, 827, -376
23987, 873, 546, 3665, 118, 173, -62, 834, -370
23997, 900, 416, 3589, 179, 254, -46, 841, -360
24007, 875, 384, 3435, 220, 306, -25, 851, -347
24017, 915, 397, 3171, 272, 319, 43, 864, -335
24027, 784, 440, 3127, 267, 286, 91, 879, -322
24037, 672, 361, 3215, 272, 272, 129, 891, -306
24047, 645, 542, 3069, 282, 248, 112, 908, -292
24057, 602, 607, 2964, 224, 203, 78, 925, -280
24067, 567, 541, 2957, 246, 182, 108, 940, -269
24077, 537, 622, 3008, 233, 150, 92, 956, -259
24087, 566, 581, 3031, 226, 153, 91, 971, -249
24097, 496, 614, 3079, 205, 134, 89, 984, -239
24107, 506, 649, 3163, 258, 168, 108, 1001, -227
24117, 446, 626, 3088, 272, 147, 104, 1019, -215
24127, 420, 774, 3197, 321, 191, 132, 1042, -200
24137, 362, 927, 3159, 322, 169, 91, 1069, -185
24147, 330, 887, 3220, 335, 199, 58, 1095, -168
24157, 297, 891, 3094, 282, 156, 24, 1118, -152
24167, 334, 840, 3057, 290, 140, 23, 1140, -139
24177, 362, 824, 3009, 337, 108, 42, 1165, -129
24187, 379, 913, 3106, 339, 102, 16, 1191, -120
24197, 443, 778, 3375, 355, 71, -28, 1212, -115
24207, 618, 585, 3466, 409, 105, -50, 1230, -112
24217, 567, 560, 3641, 400, 113, -38, 1247, -107
24227, 451, 548, 3814, 414, 160, -17, 1263, -97
24237, 461, 514, 3464, 398, 235, -39, 1278, -82
24247, 402, 704, 3119, 325, 228, -14, 1295, -67
24257, 346, 817, 2958, 327, 201, 1, 1316, -52
24267, 466, 783, 2686, 272, 93, 1, 1334, -48
24277, 507, 855, 2601, 171, -35, 8, 1348, -53
24287, 492, 846, 2710, 25, -222, 31, 1352, -68
24297, 455, 992, 3001, -63, -319, 57, 1352, -88
24307, 388, 1125, 3342, -64, -325, 55, 1354, -106
24318, 300, 1287, 3564, -25, -234, 4, 1360, -116
24327, 335, 1280, 3441, 31, -143, -48, 1370, -121
24337, 460, 1089, 3190, 110, -107, -76, 1381, -127
24347, 562, 927, 3049, 150, -113, -64, 1392, -137
24357, 609, 889, 3023, 91, -188, -28, 1398, -151
24367, 624, 914, 3321, -163, -261, -99, 1387, -171
24377, 608, 1023, 3453, -163, -235, -77, 1379, -187
24387, 590, 1016, 3602, -132, -185, -96, 1371, -200
24397, 562, 881, 3687, -114, -156, -118, 1361, -209
24407, 630, 807, 3526, -85, -99, -131, 1351, -217
24417, 615, 771, 3324, -87, -104, -133, 1342, -225
24427, 718, 682, 3119, -45, -134, -77, 1335, -238
24437, 639, 710, 3215, -28, -201, -31, 1329, -252
24447, 658, 705, 3368, -38, -160, 2, 1321, -264
24457, 646, 830, 3465, -81, -142, -28, 1314, -274
24467, 521, 1085, 3478, -145, -108, -88, 1309, -278
24477, 461, 1042, 3471, -93, -47, -147, 1307, -278
24487, 444, 1006, 3381, 17, -11, -141, 1311, -274
24497, 495, 867, 3278, 57, 10, -149, 1314, -271
24507, 595, 747, 3106, -44, -30, -202, 1309, -273
24517, 638, 652, 3098, -113, -97, -177, 1297, -280
24527, 643, 626, 3167, -137, -118, -136, 1283, -289
24537, 626, 757, 3232, -180, -112, -107, 1270, -296
24547, 640, 815, 3355, -85, -102, -62, 1264, -303
24557, 554, 884, 3296, 46, -74, -9, 1268, -306
24567, 538, 936, 3229, 43, -50, -48, 1273, -307
24577, 557, 976, 3247, -5, -56, -79, 1277, -309
24587, 507, 912, 3236, -62, -77, -128, 1275, -311
24597, 615, 899, 3210, -42, -76, -126, 1274, -315
24607, 698, 854, 3182, -56, -112, -101, 1272, -324
24617, 763, 520, 3415, -101, -137, -36, 1257, -336
24627, 728, 497, 3607, -126, -91, 3, 1239, -343
24637, 32767, -8485, 32767, 4989, -32717, -8700, 1490, -2417
24647, 14734, -355, 4822, 680, -906, -1468, 1497, -2560
24657, -2634, -663, 5072, -47, 846, -687, 1453, -2404
24667, 712, 1702, 3714, 375, 942, 0, 1490, -2306
24677, -921, 915, 4587, 442, 1963, 80, 1508, -2114
24687, -1348, 1251, 2874, 223, 1595, 143, 1531, -1927
24697, -486, 926, 2804, -15, 274, 39, 1530, -1847
24707, 3127, 946, 2121, -128, -363, -53, 1530, -1913
24717, 2359, 786, 2074, -322, -1029, -48, 1513, -2002
24727, -2956, -552, -1697, 361, 3113, 40, 1204, -1623
24737, 3994, 700, 3094, -746, -2599, 309, 1157, -1832
24747, 441, 648, 3060, -421, -1464, 261, 1130, -1886
24757, -94, 1102, 3468, -141, -888, 317, 1129, -1890
24767, -162, 1252, 3356, -189, -506, 40, 1130, -1869
24777, 83, 1314, 2890, 52, -399, 70, 1152, -1847
24787, 263, 1090, 2797, 91, -356, -3, 1170, -1828
24797, 317, 908, 2832, -13, -505, -10, 1176, -1821
24807, 299, 918, 3016, 37, -599, 117, 1184, -1818
24817, 212, 767, 3217, -28, -511, 113, 1183, -1808
24827, 288, 762, 3201, -91, -470, 132, 1177, -1798
24837, 264, 830, 3292, -151, -461, 161, 1170, -1787
24847, 288, 970, 3300, -257, -422, 67, 1159, -1774
24857, 323, 1098, 3293, -315, -399, -48, 1149, -1761
24867, 366, 936, 3132, -180, -366, -121, 1144, -1747
24877, 412, 1077, 3130, -181, -327, -221, 1142, -1733
24887, 515, 974, 2941, -188, -310, -276, 1139, -1721
24897, 564, 680, 2827, -160, -350, -255, 1130, -1713
24907, 654, 660, 2955, -195, -403, -172, 1118, -1711
24917, 631, 561, 3115, -321, -408, -167, 1095, -1709
24927, 690, 590, 3292, -337, -371, -96, 1071, -1705
24937, 702, 645, 3377, -227, -345, -45, 1056, -1700
24947, 736, 699, 3195, -185, -290, -59, 1046, -1693
24957, 752, 798, 3196, -135, -267, -35, 1041, -1686
24967, 808, 733, 3122, -97, -289, -14, 1038, -1681
24977, 852, 719, 3124, -29, -328, 70, 1039, -1680
24987, 677, 735, 3152, -81, -301, 65, 1036, -1673
24997, 791, 791, 3525, -106, -374, 97, 1032, -1673
25007, 733, 851, 3656, -117, -334, 87, 1028, -1668
25017, 739, 857, 3850, -122, -233, 47, 1022, -1657
25027, 841, 687, 4073, -84, -128, 29, 1015, -1642
25037, 1018, 621, 3864, -23, -31, 39, 1010, -1626
25047, -32768, -12428, -2110, 8471, 28529, -2597, 1316, 284
25057, 3883, 102, -4416, -3006, 22191, -5866, 1459, 1542
25067, 897, 895, 2253, -1877, 1949, -2640, 1351, 1613
25077, 4458, 98, 1461, 2577, -3940, 1476, 1491, 1221
25087, 428, 1285, 1958, 2397, -291, 1011, 1659, 1177
25097, 693, -189, 3761, -210, -453, -15, 1611, 1118
25107, 801, 633, 3503, -358, -245, 81, 1575, 1070
25117, 391, 1093, 3403, 74, -50, 241, 1579, 1046
25127, 650, 956, 2934, -359, -99, -19, 1557, 1012
25137, 959, 780, 2740, -238, -87, 17, 1538, 969
25147, 853, 592, 2984, 10, -233, 147, 1529, 922
25157, 559, 652, 3220, -130, -314, 126, 1511, 879
25167, 458, 905, 3385, -62, -273, 126, 1503, 843
25177, 381, 1075, 3383, 124, -88, 181, 1511, 821
25187, 371, 922, 3215, 125, 2, 90, 1517, 806
25197, 334, 930, 2893, 104, 58, 4, 1523, 795
25207, 486, 1013, 2676, 184, -38, 33, 1539, 773
25217, 508, 787, 2581, 47, -105, 49, 1539, 748
25227, 500, 764, 2662, -18, -172, 67, 1535, 719
25237, 472, 795, 2719, -76, -217, 44, 1527, 689
25247, 367, 957, 2880, -184, -190, -57, 1517, 664
25257, 462, 960, 2817, -120, -176, -101, 1511, 638
25267, 547, 845, 2672, -90, -202, -115, 1505, 608
25277, 598, 754, 2606, -169, -268, -140, 1492, 573
25287, 696, 647, 2873, -265, -355, -144, 1469, 530
25297, 720, 624, 3040, -261, -348, -113, 1444, 489
25307, 716, 715, 3208, -239, -307, -86, 1423, 452
25318, 772, 736, 3166, -171, -250, -109, 1408, 417
25327, 788, 816, 3108, -90, -237, -110, 1400, 383
25337, 800, 764, 3206, -18, -231, -126, 1394, 350
25347, 894, 689, 3167, -92, -244, -201, 1383, 314
25357, 916, 654, 3324, -115, -239, -212, 1369, 279
25367, 958, 658, 3363, -100, -226, -192, 1355, 245
25377, 967, 560, 3400, -105, -243, -126, 1339, 210
25387, 912, 650, 3631, -122, -242, -122, 1324, 178
25397, 844, 698, 3605, -111, -190, -141, 1311, 152
25407, 701, 718, 3519, 26, -81, -127, 1307, 136
25417, 854, 777, 3450, 74, -24, -121, 1308, 120
25427, 916, 605, 3268, 128, -2, -62, 1309, 103
25437, 931, 712, 3161, 31, -77, -60, 1308, 81
25447, 968, 757, 3407, -75, -163, -52, 1299, 55
25457, 957, 681, 3672, -76, -190, -53, 1288, 28
25467, 986, 750, 3620, -174, -193, -94, 1273, 1
25477, 1077, 739, 3738, -172, -200, -101, 1258, -27
25487, 1191, 492, 3683, -133, -173, -82, 1239, -57
25497, 1310, 470, 3648, -163, -153, -67, 1219, -87
25507, -32768, -4643, -7505, 722, 28040, -401, 948, 1776
25517, 5027, 2211, 3002, -1768, 3363, -1369, 882, 1854
25527, 711, 276, 3160, -286, 1328, -1288, 858, 1889
25537, 721, -309, 1, 1661, -1842, -1396, 916, 1699
25547, 1468, 833, 4221, 268, 429, 105, 935, 1668
25557, 1341, 355, 3281, 72, 405, 14, 933, 1634
25567, 1145, 462, 2991, 184, 239, 197, 942, 1594
25577, 1025, 720, 2781, -17, 333, 127, 947, 1563
25587, 1026, 711, 2834, -52, 143, 112, 950, 1522
25597, 863, 712, 2981, 37, 192, 114, 957, 1490
25607, 739, 728, 2940, 42, 299, 115, 964, 1468
25617, 676, 840, 2879, 57, 232, 120, 977, 1444
25627, 552, 879, 2877, 164, 222, 131, 996, 1424
25637, 504, 810, 2675, 274, 252, 148, 1022, 1407
25647, 410, 875, 2603, 310, 253, 138, 1051, 1394
25657, 500, 710, 2136, 128, 188, 73, 1068, 1373
25667, 435, 776, 2189, 16, 43, 90, 1079, 1347
25677, 293, 964, 2554, -68, -131, 59, 1088, 1315
25687, 371, 943, 2737, -123, -143, -43, 1091, 1281
25697, 412, 709, 2777, -76, -142, -92, 1089, 1246
25707, 549, 726, 2792, -63, -120, -128, 1089, 1209
25717, 608, 691, 2831, -83, -134, -154, 1086, 1170
25727, 777, 561, 2858, -114, -160, -181, 1077, 1125
25737, 732, 658, 3113, -102, -144, -157, 1071, 1084
25747, 827, 570, 3184, -55, -131, -104, 1065, 1042
25757, 834, 566, 3297, -81, -116, -118, 1057, 1002
25767, 821, 682, 3342, -131, -95, -146, 1048, 965
25777, 820, 726, 3337, -97, -29, -150, 1044, 933
25787, 859, 700, 3393, -9, -10, -146, 1043, 901
25797, 881, 704, 3349, 65, 16, -133, 1048, 871
25807, 895, 738, 3311, 124, 24, -88, 1057, 842
25817, 894, 727, 3351, 93, 39, -95, 1064, 814
25827, 980, 622, 3433, 104, 37, -71, 1068, 785
25837, 991, 551, 3370, 33, 48, -61, 1066, 756
25847, 1063, 641, 3392, -63, 5, -75, 1060, 723
25857, 1036, 621, 3378, -89, 19, -58, 1053, 693
25867, 1009, 666, 3386, -79, 36, -56, 1047, 665
25877, 967, 683, 3434, -44, 92, 6, 1044, 643
25887, 1161, 605, 3434, -58, 77, -64, 1038, 615
25897, 1167, 516, 3397, -85, 68, -100, 1029, 586
25907, 1092, 559, 3455, -82, 93, -106, 1020, 562
25917, 1111, 553, 3434, -44, 105, -95, 1015, 538
25927, 1128, 584, 3298, -11, 97, -84, 1012, 514
25937, 1171, 585, 3210, -20, 21, -67, 1010, 484
25947, 1041, 530, 3144, -118, 38, -86, 1000, 458
25957, 1062, 399, 3121, -77, 30, -41, 989, 432
25967, 1091, 388, 3180, -62, 17, 35, 980, 405
25977, 1062, 445, 3347, -82, 12, 67, 970, 380
25987, 1112, 487, 3313, -63, 45, 105, 962, 356
25997, 1016, 587, 3467, 26, 70, 135, 963, 337
26007, 918, 687, 3503, 100, 125, 121, 970, 324
26017, 875, 724, 3360, 141, 215, 101, 981, 318
26027, 866, 773, 3065, 95, 230, 4, 992, 312
26037, 751, 904, 3041, 95, 200, -7, 1007, 308
26047, 747, 754, 3172, 195, 176, 47, 1022, 303
26057, 791, 659, 3267, 176, 145, 52, 1033, 295
26067, 742, 679, 3463, 103, 179, 49, 1039, 290
26077, 768, 750, 3489, 105, 172, 52, 1047, 285
26087, 692, 788, 3430, 118, 180, 67, 1056, 283
26097, 630, 818, 3365, 128, 207, 37, 1067, 283
26107, 648, 831, 3285, 111, 181, 20, 1078, 282
26117, 622, 785, 3325, 64, 148, -1, 1084, 279
26127, 714, 743, 3344, 32, 120, -11, 1086, 272
26137, 774, 741, 3245, -10, 68, -18, 1087, 261
26147, 813, 700, 3242, -106, 18, -39, 1081, 245
26157, 862, 774, 3325, -192, -35, -59, 1071, 225
26167, 817, 788, 3484, -199, -31, -61, 1060, 208
26177, 813, 929, 3469, -172, -24, -48, 1055, 192
26187, 732, 997, 3473, -126, -4, -48, 1055, 179
26197, 712, 926, 3494, -79, 42, -90, 1055, 170
26207, 757, 913, 3377, -57, 77, -125, 1057, 161
26217, 796, 714, 3238, -125, 60, -148, 1051, 151
26227, 870, 650, 3178, -99, 28, -95, 1045, 136
26237, 900, 634, 3222, -104, -22, -47, 1038, 118
26247, 884, 599, 3201, -144, -49, -15, 1027, 99
26257, 886, 662, 3116, -185, -106, -22, 1017, 77
26267, 770, 754, 3300, -250, -165, -27, 1005, 55
26277, 741, 666, 3472, -249, -149, -33, 989, 36
26287, 734, 655, 3557, -185, -123, -30, 977, 19
26297, 752, 683, 3496, -246, -92, -90, 963, 4
26307, 746, 644, 3476, -227, -76, -107, 949, -9
26318, 792, 649, 3353, -146, -47, -92, 941, -22
26327, 821, 606, 3210, -91, -76, -71, 937, -38
26337, 784, 531, 3120, -97, -118, -72, 930, -56
26347, 740, 542, 3260, -105, -140, -86, 922, -73
26357, 723, 510, 3296, -64, -135, -52, 917, -89
26367, 780, 382, 3300, -38, -105, -11, 909, -104
26377, 879, 311, 3271, -67, -99, 17, 898, -121
26387, 905, 518, 3204, -114, -113, 26, 891, -140
26397, 894, 544, 3355, -101, -108, 49, 884, -157
26407, 844, 565, 3526, -41, -52, 71, 881, -169
26417, 838, 562, 3686, -5, 25, 77, 879, -175
26427, 830, 549, 3685, -2, 85, 98, 878, -177
26437, 832, 603, 3604, -140, 161, 2, 869, -175
26447, 770, 727, 3444, -114, 160, -67, 867, -171
26457, 641, 771, 3339, -57, 174, -94, 869, -164
26467, 573, 755, 3202, -42, 224, -156, 873, -152
26477, 697, 545, 3062, -25, 206, -167, 872, -145
26487, 765, 452, 2861, -100, 157, -146, 866, -144
26497, 815, 455, 2909, -156, 90, -86, 855, -148
26507, 752, 455, 3098, -144, 32, -22, 845, -153
26517, 700, 517, 3337, -163, 61, -14, 835, -155
26527, 741, 462, 3342, -66, 119, -8, 830, -154
26537, 799, 305, 3230, 22, 161, 32, 826, -152
26547, 868, 231, 3145, 36, 193, 35, 821, -151
26557, 906, 357, 3036, 9, 190, 13, 818, -151
26567, 849, 448, 2980, 10, 178, -1, 819, -151
26577, 893, 505, 2970, 15, 125, 23, 821, -155
26587, 808, 598, 3031, 13, 65, 57, 825, -160
26597, 744, 611, 3164, -145, 28, -17, 820, -165
26607, 758, 636, 3194, -133, 12, -23, 816, -171
26617, 718, 759, 3319, -94, 20, -28, 817, -175
26627, 658, 737, 3377, -48, 49, -40, 820, -175
26637, 778, 603, 3385, 26, 97, -44, 824, -176
26647, 876, 464, 3363, 61, 95, -25, 826, -180
26657, 860, 285, 3435, 43, 101, 16, 822, -182
26667, 839, 230, 3414, 13, 111, 50, 816, -184
26677, 743, 343, 3386, -50, 97, 37, 808, -184
26687, 693, 471, 3387, -74, 76, -9, 803, -183
26697, 675, 563, 3400, -69, 66, -21, 800, -183
26707, 627, 554, 3461, 21, 77, 13, 802, -181
26717, 589, 587, 3436, 38, 101, 29, 807, -176
26727, 583, 545, 3333, -40, 99, -18, 805, -172
26737, 577, 579, 3297, -44, 85, -15, 805, -168
26747, 598, 544, 3264, 21, 91, 11, 808, -165
26757, 635, 507, 3138, 45, 81, 25, 812, -164
26767, 667, 452, 3203, 63, 71, 41, 815, -164
26777, 687, 428, 3272, 67, 71, 63, 817, -164
26787, 735, 434, 3445, 44, 107, 58, 817, -163
26797, 789, 487, 3457, 84, 173, 59, 821, -160
26807, 725, 549, 3275, 99, 226, 37, 829, -152
26817, 671, 726, 3166, 19, 243, -26, 836, -142
26827, 754, 632, 3006, 49, 232, -60, 844, -136
26837, 810, 480, 2972, 83, 237, -24, 849, -131
26847, 777, 530, 3028, 55, 231, -10, 854, -125
26857, 852, 443, 3147, 39, 230, -1, 854, -121
26867, 793, 434, 3276, 47, 249, 30, 855, -115
26877, 817, 479, 3437, 73, 299, 31, 857, -105
26887, 663, 477, 3403, 134, 404, 66, 864, -86
26897, 696, 293, 3296, 154, 424, 56, 867, -67
26907, 581, 416, 3130, 168, 465, 62, 874, -42
26917, 531, 548, 3122, 165, 470, 64, 885, -17
26927, 687, 135, 2962, 281, 492, 34, 892, 4
26937, 405, 421, 3015, 345, 403, 129, 910, 28
26947, 417, 387, 2883, 255, 311, 123, 922, 45
26957, 331, 426, 2955, 84, 249, 118, 924, 61
26967, 203, 537, 3029, 30, 165, 122, 926, 75
26977, 163, 627, 3050, -44, 130, 47, 926, 88
26987, 135, 816, 3083, -32, 104, 32, 931, 100
26997, 79, 715, 3137, 85, 40, 71, 941, 109
27007, 8, 657, 3336, 51, -5, 23, 945, 117
27017, 56, 621, 3459, 16, 6, 16, 946, 123
27027, 5, 634, 3559, 137, 13, 56, 954, 131
27037, 22, 710, 3507, 94, 27, 45, 962, 140
27047, 151, 716, 3738, 20, 59, 11, 964, 146
27057, 105, 722, 3876, 102, 75, 54, 971, 155
27067, 143, 781, 3816, 118, 98, 54, 979, 163
27077, 143, 863, 3514, 4, 66, -16, 985, 170
27087, 151, 940, 3361, 14, 22, -48, 993, 175
27097, 121, 823, 3293, 13, -18, -71, 999, 177
27107, 178, 701, 3287, 25, -50, -82, 1002, 176
27117, 278, 677, 3155, -25, -97, -98, 1003, 170
27127, 338, 590, 3173, -72, -159, -96, 997, 158
27137, 428, 609, 3147, -83, -214, -94, 992, 141
27147, 414, 600, 3144, -170, -275, -127, 982, 120
27157, 510, 604, 3070, -235, -381, -102, 968, 91
27167, 501, 556, 3209, -306, -424, -61, 948, 61
27177, 490, 676, 3475, -305, -424, -19, 931, 31
27187, 431, 833, 3687, -226, -376, -4, 921, 6
27197, 424, 911, 3762, -120, -290, -27, 920, -11
27207, 517, 766, 3683, 31, -199, -36, 925, -26
27217, 642, 559, 3364, 115, -170, -41, 931, -43
27227, 722, 425, 3177, -3, -205, -71, 927, -64
27237, 761, 404, 3118, -55, -249, -31, 920, -88
27247, 750, 439, 3293, -60, -279, 29, 912, -113
27257, 763, 472, 3352, -116, -283, 12, 902, -138
27267, 737, 590, 3407, -106, -272, 12, 896, -161
27277, 745, 700, 3409, -84, -256, 18, 894, -183
27287, 747, 691, 3271, -72, -261, 13, 893, -205
27297, 720, 629, 3302, -113, -259, -26, 888, -225
27307, 774, 561, 3299, -108, -283, -25, 882, -248
27320, 734, 493, 3341, -65, -193, -22, 876, -264
27327, 763, 429, 3298, -53, -171, -11, 870, -279
27337, 864, 363, 3199, -41, -166, 41, 863, -297
27347, 824, 406, 3217, -80, -178, 58, 855, -314
27357, 797, 493, 3269, -91, -194, 60, 849, -331
27367, 791, 551, 3304, -142, -180, 49, 841, -346
27377, 698, 597, 3355, -149, -196, 12, 833, -359
27387, 647, 612, 3367, -139, -147, -13, 827, -368
27397, 657, 581, 3302, -157, -129, -55, 820, -375
27407, 756, 569, 3283, -97, -107, -33, 815, -384
27417, 771, 415, 3276, -108, -78, 10, 807, -392
27427, 764, 431, 3370, -85, -119, 35, 800, -401
27437, 755, 514, 3380, -91, -91, 46, 794, -408
27447, 751, 492, 3397, -149, -106, 26, 785, -416
27457, 786, 506, 3358, -100, -104, 34, 780, -424
27467, 792, 532, 3281, -82, -88, 25, 776, -432
27477, 746, 608, 3311, -57, -96, 27, 776, -439
27487, 747, 647, 3343, -1, -62, 20, 781, -443
27497, 784, 633, 3321, 40, -39, 17, 787, -448
27507, 738, 607, 3316, 67, -32, 31, 795, -450
27517, 750, 491, 3333, 41, -14, 19, 797, -451
27527, 779, 467, 3270, -44, 1, -2, 794, -453
27537, 865, 389, 3206, -29, -16, 29, 790, -458
27547, 852, 389, 3224, -70, -45, -4, 784, -464
27557, 835, 354, 3283, -75, -55, 2, 776, -470
27567, 864, 336, 3314, 11, -55, 55, 773, -477
27577, 844, 388, 3307, -16, -55, 52, 770, -483
27587, 815, 500, 3408, -32, -51, 47, 768, -488
27597, 763, 544, 3477, 12, -29, 53, 771, -489
27607, 756, 608, 3545, 47, 6, 73, 776, -489
27617, 760, 516, 3542, 108, 40, 102, 783, -486
27627, 813, 457, 3507, 99, 52, 115, 788, -484
27637, 763, 417, 3369, -7, 46, 63, 786, -481
27647, 797, 454, 3327, -82, 26, 40, 780, -481
27657, 733, 478, 3387, -56, 28, 59, 776, -479
27667, 727, 458, 3410, -47, 66, 49, 773, -474
27677, 720, 511, 3309, -57, 73, 31, 770, -469
27687, 737, 536, 3224, -37, 77, 32, 770, -464
27697, 752, 475, 3135, -15, 81, 42, 770, -460
27707, 764, 486, 3147, 1, 31, 51, 771, -460
27717, 762, 424, 3152, -33, 20, 33, 769, -460
27727, 784, 501, 3176, -68, -13, 27, 766, -462
27737, 730, 535, 3314, -33, -25, 48, 766, -464
27747, 721, 464, 3319, 22, -14, 65, 767, -464
27757, 689, 539, 3338, -20, 5, 38, 768, -462
27767, 718, 542, 3354, -19, 10, 27, 768, -461
27777, 657, 548, 3295, 33, 28, 32, 773, -458
27787, 705, 499, 3221, 29, 25, 13, 776, -456
27797, 697, 437, 3189, -64, -7, -39, 771, -455
27807, 694, 448, 3229, -90, -30, -55, 766, -457
27817, 699, 440, 3250, -92, -32, -41, 759, -458
27827, 713, 449, 3335, -91, -19, -30, 754, -458
27837, 698, 435, 3321, -4, 11, 3, 753, -457
27847, 758, 418, 3233, 15, 16, 8, 753, -457
27857, 790, 445, 3174, 3, -5, 13, 753, -459
27867, 752, 514, 3112, -6, -38, 14, 755, -463
27877, 700, 482, 3324, -23, -44, 8, 755, -464
27887, 673, 493, 3464, 8, -10, 18, 756, -463
27897, 704, 482, 3426, -14, 24, -3, 755, -461
27907, 734, 531, 3304, -74, 32, -42, 752, -459
27917, 740, 536, 3319, -27, 37, -28, 753, -457
27927, 743, 428, 3251, 13, 35, -15, 753, -455
27937, 782, 395, 3207, 14, 30, 5, 753, -455
27947, 788, 493, 3048, 43, -1, 1, 758, -457
27957, 748, 570, 3062, 15, -44, -16, 763, -461
27967, 771, 540, 3185, 19, -59, -19, 766, -466
27977, 725, 484, 3328, 31, -64, -12, 769, -469
27987, 750, 488, 3382, 26, -37, -17, 771, -472
27997, 769, 549, 3444, 27, -28, -17, 774, -474
28007, 759, 509, 3424, -26, -19, -46, 773, -475
28017, 706, 453, 3426, -13, 4, -45, 771, -474
28027, 762, 421, 3383, 9, 10, -18, 770, -474
28037, 810, 401, 3234, -34, -19, -21, 767, -477
28047, 811, 360, 3259, -80, -53, -19, 759, -482
28057, 769, 429, 3361, -107, -76, -25, 752, -487
28067, 744, 486, 3445, -79, -54, -8, 747, -490
28077, 749, 505, 3489, -56, -27, -13, 745, -491
28087, 717, 585, 3472, -69, 10, -25, 743, -489
28097, 671, 540, 3445, -55, 31, -35, 742, -485
28107, 695, 549, 3358, -31, 50, -21, 743, -480
28117, 682, 591, 3273, -21, 44, -9, 745, -476
28127, 712, 612, 3240, -29, 21, -25, 748, -474
28137, 749, 555, 3267, 1, 1, 5, 751, -474
28147, 721, 451, 3279, 30, -18, 13, 753, -475
28157, 735, 463, 3376, -22, -24, -8, 752, -476
28167, 808, 394, 3402, -30, -16, -18, 748, -478
28177, 860, 315, 3379, -54, -19, -18, 741, -482
28187, 882, 287, 3480, -82, -14, -16, 731, -486
28197, 886, 341, 3513, -112, -13, -34, 721, -490
28207, 865, 409, 3572, -78, 25, -35, 715, -491
28217, 850, 455, 3520, 7, 62, -23, 716, -489
28227, 836, 385, 3473, 27, 97, -11, 716, -485
28237, 817, 296, 3322, -1, 94, 0, 712, -481
28247, 823, 364, 3182, -38, 93, -8, 708, -478
28257, 784, 443, 3190, 10, 67, 27, 710, -475
28267, 768, 464, 3131, 34, 50, 33, 714, -473
28277, 773, 438, 3089, -32, 25, 3, 713, -473
28287, 763, 389, 3101, -15, 8, 20, 712, -474
28297, 794, 357, 3061, -19, -40, 33, 710, -478
28307, 812, 321, 3266, -54, -52, 59, 704, -483
28318, 757, 413, 3345, -42, -50, 54, 701, -487
28327, 693, 461, 3446, -66, -30, 24, 698, -487
28337, 678, 494, 3404, -86, 1, -7, 694, -484
28347, 737, 439, 3317, -51, 28, -2, 692, -482
28357, 755, 407, 3274, -3, 27, 15, 692, -481
28367, 793, 352, 3141, 3, 4, 35, 691, -482
28377, 777, 398, 3264, -63, -15, 31, 687, -484
28387, 729, 460, 3382, 3, 1, 45, 688, -483
28397, 738, 490, 3394, 51, 28, 53, 693, -481
28407, 729, 509, 3382, 57, 73, 31, 699, -476
28417, 700, 473, 3240, 97, 84, 41, 707, -470
28427, 710, 439, 3100, 1, 67, -8, 708, -466
28437, 713, 402, 3140, -79, 36, -48, 704, -463
28447, 705, 411, 3119, -55, 9, -26, 701, -462
28457, 729, 345, 3146, -51, -7, -25, 696, -463
28467, 766, 334, 3126, -88, -9, -35, 689, -465
28477, 796, 308, 3170, -31, -23, 13, 685, -468
28487, 744, 329, 3289, 16, -21, 47, 684, -470
28497, 720, 352, 3287, -26, -12, 27, 681, -470
28507, 689, 442, 3411, -17, 9, 21, 681, -468
28517, 645, 471, 3367, 35, 41, 34, 685, -463
28527, 647, 432, 3329, 9, 55, -13, 686, -457
28537, 675, 437, 3154, -24, 43, -28, 686, -454
28547, 717, 409, 3110, -12, 7, -4, 686, -453
28557, 738, 389, 3153, -35, -21, -2, 684, -455
28567, 644, 462, 3327, -27, -22, -8, 684, -454
28577, 656, 440, 3430, 35, -1, -13, 687, -452
28587, 673, 388, 3353, 35, 43, -20, 688, -448
28597, 687, 294, 3329, 33, 43, -24, 687, -445
28607, 738, 345, 3231, 42, 34, -2, 688, -443
28617, 764, 319, 3168, 13, 6, 18, 687, -445
28627, 734, 374, 3285, -24, -18, 1, 685, -446
28637, 745, 446, 3315, 10, -22, 29, 687, -448
28647, 704, 561, 3442, -2, -8, 7, 690, -448
28657, 711, 537, 3440, 30, 24, -7, 695, -446
28667, 750, 435, 3480, 45, 41, -17, 698, -444
28677, 764, 355, 3418, 49, 52, -12, 699, -441
28687, 824, 335, 3342, 34, 41, -12, 699, -442
28697, 856, 271, 3258, 10, 6, -5, 696, -445
28707, 785, 372, 3318, -13, -17, 2, 694, -448
28717, 748, 365, 3383, -12, -5, 11, 691, -449
28727, 737, 470, 3433, 9, 8, 25, 693, -449
28737, 707, 536, 3392, -2, 17, 11, 696, -447
28747, 708, 614, 3322, 11, 24, 10, 702, -445
28757, 702, 566, 3349, 52, 29, 12, 709, -443
28767, 721, 580, 3303, 78, 28, 13, 718, -441
28777, 779, 458, 3330, 92, 24, 18, 724, -441
28787, 782, 365, 3325, 37, 10, 11, 725, -442
28797, 791, 260, 3289, 8, 6, 8, 721, -444
28807, 831, 243, 3303, 6, 9, 17, 716, -446
28817, 799, 330, 3266, 32, 19, 32, 716, -448
28827, 799, 388, 3188, 10, -11, 20, 715, -451
28837, 749, 450, 3250, -57, -29, -20, 713, -453
28847, 708, 476, 3311, -56, -38, -14, 711, -455
28857, 716, 452, 3346, -57, -17, -9, 708, -456
28867, 686, 565, 3376, -8, -2, 37, 711, -455
28877, 698, 622, 3402, -12, 16, 27, 715, -453
28887, 696, 619, 3451, -10, 38, 23, 719, -449
28897, 671, 490, 3463, -21, 58, 40, 719, -444
28907, 648, 420, 3455, -54, 89, -7, 715, -436
28917, 664, 525, 3335, 87, 109, 44, 723, -428
28927, 651, 498, 3204, 124, 94, 45, 732, -421
28937, 725, 391, 3165, 82, 69, 25, 737, -418
28947, 726, 357, 3154, 63, 23, 33, 739, -418
28957, 754, 390, 3230, 45, -20, 38, 740, -421
28967, 739, 486, 3302, 40, -18, 24, 744, -423
28977, 674, 543, 3397, 14, -17, 5, 747, -423
28987, 681, 562, 3426, -49, -2, -50, 746, -422
28997, 695, 522, 3429, -47, 9, -65, 745, -421
29007, 689, 446, 3328, -21, 22, -51, 744, -419
29017, 723, 382, 3269, -27, 15, -30, 740, -419
29027, 721, 386, 3367, -50, 11, -18, 735, -419
29037, 699, 439, 3362, -11, 23, 4, 735, -417
29047, 646, 485, 3395, 19, 54, -5, 737, -412
29057, 707, 444, 3246, 60, 62, 12, 741, -409
29067, 714, 391, 3227, -55, 28, -32, 736, -408
29077, 698, 409, 3180, -76, -8, -20, 731, -409
29087, 646, 449, 3308, -33, -28, 3, 729, -409
29097, 673, 481, 3370, -15, -17, 9, 729, -410
29107, 624, 436, 3444, 21, 1, 32, 730, -408
29117, 672, 415, 3400, 36, 31, 39, 731, -405
29127, 675, 427, 3369, 69, 53, 43, 735, -401
29137, 698, 448, 3269, 92, 58, 36, 741, -398
29147, 687, 469, 3253, 65, 36, 28, 746, -396
29157, 690, 461, 3202, -11, 2, -14, 746, -396
29167, 687, 471, 3215, -36, -24, -20, 745, -398
29177, 662, 471, 3244, -46, -38, -20, 743, -400
29187, 666, 501, 3223, -58, -49, -30, 741, -403
29197, 640, 451, 3367, -49, -38, -41, 738, -403
29207, 671, 447, 3458, 15, 1, -16, 738, -403
29217, 648, 421, 3464, 46, 38, -15, 740, -399
29227, 658, 430, 3446, 61, 69, 2, 743, -394
29237, 671, 444, 3405, 38, 79, 6, 745, -389
29247, 831, 300, 3185, -74, 48, 14, 737, -390
29257, 712, 459, 3220, -65, 18, 28, 733, -390
29267, 716, 479, 3208, -87, -5, 5, 730, -392
29277, 682, 599, 3142, -93, -36, -39, 729, -394
29287, 676, 645, 3170, -89, -53, -81, 730, -397
29297, 658, 505, 3252, -56, -59, -81, 728, -400
29307, 747, 305, 3193, -78, -53, -81, 720, -406
29318, 796, 371, 3173, -51, -57, -36, 716, -412
29327, 823, 327, 3175, -66, -70, -13, 710, -420
29337, 784, 280, 3310, -95, -77, -10, 700, -427
29347, 784, 279, 3422, -50, -54, 20, 693, -432
29357, 820, 336, 3413, -38, -29, 26, 689, -437
29367, 832, 354, 3367, -36, -24, 11, 685, -441
29377, 782, 429, 3371, -15, -28, 29, 684, -445
29387, 746, 382, 3389, -7, -15, 28, 683, -446
29397, 715, 441, 3361, 34, 12, 43, 686, -445
29407, 665, 430, 3311, 53, 11, 52, 690, -443
29417, 641, 412, 3297, -13, 3, 19, 689, -441
29427, 670, 398, 3234, -10, -8, 26, 689, -440
29437, 665, 399, 3286, 21, -16, 36, 690, -440
29447, 707, 332, 3286, -31, -19, 19, 686, -441
29457, 692, 376, 3345, 1, -10, 36, 685, -441
29467, 686, 409, 3411, 17, 1, 45, 686, -440
29477, 697, 414, 3374, 32, 16, 45, 688, -438
29487, 722, 462, 3364, 100, 23, 62, 696, -437
29497, 676, 478, 3288, 19, 7, 44, 699, -435
29507, 684, 520, 3272, 36, -7, 36, 704, -435
29517, 661, 536, 3313, 51, -8, 47, 710, -434
29527, 627, 542, 3427, 34, 3, 25, 715, -431
29537, 651, 495, 3391, 61, 26, 5, 720, -428
29547, 689, 416, 3301, 45, 29, -5, 722, -426
29557, 723, 349, 3258, 30, 17, -17, 722, -425
29567, 746, 316, 3292, 21, 24, 5, 720, -425
29577, 725, 299, 3282, 37, 17, 20, 719, -425
29587, 738, 394, 3238, 22, 24, 17, 720, -424
29597, 712, 460, 3229, 47, 19, 43, 724, -424
29607, 720, 527, 3245, 12, 8, 29, 727, -424
29617, 650, 555, 3273, -2, -3, 5, 731, -422
29627, 686, 551, 3229, -12, -22, -18, 733, -423
29637, 669, 589, 3250, -15, -31, -29, 736, -424
29647, 701, 503, 3268, -10, -39, -33, 738, -427
29657, 727, 377, 3314, -46, -37, -47, 733, -430
29667, 787, 355, 3242, -25, -40, -34, 729, -434
29677, 784, 319, 3301, -2, -57, -6, 726, -440
29687, 743, 365, 3355, -4, -56, 11, 724, -444
29697, 738, 317, 3386, -27, -45, 20, 719, -447
29707, 750, 429, 3405, -65, -39, 20, 715, -450
29717, 720, 529, 3371, -25, -29, 37, 716, -451
29727, 743, 575, 3416, 9, -7, 42, 720, -452
29737, 697, 578, 3424, 17, 13, 11, 724, -450
29747, 732, 565, 3421, 52, 31, 4, 731, -448
29757, 734, 487, 3330, 29, 33, -20, 734, -447
29767, 738, 478, 3290, 35, 24, -14, 737, -446
29777, 693, 401, 3373, 23, 18, 10, 737, -444
29787, 739, 327, 3351, -16, 16, 13, 733, -443
29797, 722, 399, 3359, -32, 14, 15, 729, -442
29807, 709, 425, 3352, -20, 10, 26, 728, -441
29817, 729, 451, 3337, -19, 8, 8, 727, -441
29827, 725, 439, 3216, -44, -8, -16, 725, -442
29837, 676, 457, 3228, -70, -29, -28, 721, -443
29847, 674, 504, 3258, -92, -40, -34, 718, -444
29857, 738, 473, 3312, -91, -56, -25, 714, -448
29867, 739, 423, 3362, -51, -25, -11, 710, -450
29877, 735, 403, 3391, -68, -25, -16, 705, -452
29887, 755, 387, 3355, -28, -3, 2, 703, -452
29897, 767, 333, 3342, -17, 11, 5, 699, -453
29907, 770, 408, 3282, 4, 19, 10, 699, -453
29917, 726, 410, 3257, 9, 19, 8, 700, -452
29927, 726, 360, 3322, 70, 39, 30, 703, -450
29937, 763, 365, 3287, 107, 46, 44, 708, -448
29947, 725, 398, 3261, 55, 37, 37, 711, -446
29957, 728, 427, 3180, 1, 4, 31, 711, -446
29967, 692, 437, 3176, -49, -17, 3, 709, -447
29977, 649, 507, 3277, -55, -36, -11, 708, -447
29987, 689, 466, 3346, -34, -25, -19, 707, -448
29997, 713, 437, 3432, -4, -23, -22, 707, -448
30007, 681, 442, 3390, -22, -10, -33, 706, -448
30017, 685, 381, 3318, -28, -16, -29, 703, -448
30027, 746, 436, 3255, -61, -24, -29, 700, -450
30037, 701, 438, 3288, -47, -39, -7, 698, -452
30047, 696, 494, 3358, -51, -39, -8, 697, -453
30057, 685, 461, 3384, -26, -25, -19, 696, -454
30067, 727, 420, 3368, -14, 1, -39, 696, -453
30077, 749, 392, 3321, 27, 1, -30, 697, -454
30087, 716, 362, 3281, 59, 6, -11, 699, -453
30097, 777, 379, 3241, 79, 0, 30, 703, -455
30107, 759, 399, 3257, 2, -24, 3, 703, -457
30117, 693, 443, 3313, -16, -33, -4, 703, -458
30127, 687, 503, 3371, 13, -16, -9, 705, -458
30137, 717, 505, 3334, 32, -4, -15, 710, -458
30147, 756, 425, 3334, -1, -18, -25, 710, -460
30157, 739, 407, 3310, -17, -37, -24, 708, -462
30167, 728, 387, 3275, -95, -52, -52, 701, -465
30177, 768, 438, 3304, -90, -61, -51, 697, -470
30187, 699, 417, 3376, -41, -56, -25, 694, -472
30197, 755, 400, 3325, -53, -37, -31, 690, -475
30207, 748, 403, 3358, -59, -26, -34, 687, -476
30217, 765, 431, 3309, -4, -15, -21, 687, -478
30227, 729, 410, 3322, 31, -7, 2, 689, -478
30237, 749, 385, 3339, 56, 4, 16, 692, -478
30247, 819, 389, 3170, 22, -39, 5, 693, -483
30257, 690, 458, 3269, -148, -73, -69, 685, -486
30267, 730, 476, 3326, -77, -73, -47, 683, -489
30277, 725, 446, 3348, -51, -72, -27, 681, -493
30287, 719, 499, 3364, -75, -64, -45, 678, -496
30297, 737, 470, 3377, -26, -52, -30, 678, -498
30307, 774, 449, 3363, -24, -38, -22, 678, -501
30318, 801, 403, 3330, -17, -27, -8, 677, -503
30327, 845, 367, 3334, -44, -30, -14, 674, -507
30337, 852, 397, 3326, -37, -37, -16, 671, -512
30347, 832, 357, 3373, 6, -36, 3, 670, -516
30357, 885, 274, 3379, -10, -21, -9, 667, -520
30367, 892, 275, 3336, -33, -20, -18, 661, -524
30377, 919, 257, 3265, -10, -15, 9, 657, -529
30387, 895, 267, 3325, -39, -29, 27, 652, -534
30397, 855, 325, 3438, -40, -9, 37, 648, -536
30407, 814, 383, 3379, -1, 16, 47, 648, -535
30417, 812, 421, 3285, -54, 14, 19, 646, -535
30427, 843, 396, 3254, -14, 9, 30, 645, -536
30437, 802, 339, 3307, 32, -14, 58, 646, -538
30447, 771, 437, 3327, 19, -6, 40, 649, -537
30457, 769, 485, 3322, 34, 9, 33, 654, -536
30467, 758, 555, 3262, 31, 15, 3, 661, -535
30477, 765, 481, 3246, 19, 8, -6, 665, -534
30487, 786, 400, 3292, -27, 3, -8, 663, -534
30497, 787, 385, 3304, -9, -5, 8, 663, -534
30507, 840, 354, 3223, 11, 0, 20, 663, -536
30517, 826, 375, 3197, 14, 4, 25, 664, -537
30527, 825, 297, 3207, 32, -7, 28, 664, -539
30537, 834, 342, 3256, 6, -7, 27, 663, -540
30547, 809, 386, 3368, -12, -5, 21, 662, -541
30557, 801, 416, 3385, -4, 17, 21, 662, -540
30567, 757, 445, 3404, 43, 39, 24, 666, -537
30577, 822, 407, 3369, 23, 46, 20, 668, -534
30587, 776, 405, 3375, 18, 37, 33, 669, -532
30597, 749, 394, 3420, 35, 54, 47, 671, -527
30607, 732, 373, 3341, -3, 58, 22, 670, -522
30617, 738, 408, 3324, -10, 50, 30, 670, -518
30627, 741, 424, 3335, 1, 42, 38, 671, -515
30637, 719, 475, 3357, -9, 47, 30, 672, -510
30647, 726, 454, 3358, 7, 43, 31, 674, -506
30657, 707, 521, 3299, 13, 34, 24, 678, -503
30667, 708, 414, 3289, 12, 31, 22, 679, -500
30677, 714, 404, 3276, 25, 25, 14, 681, -497
30687, 742, 344, 3222, -55, -3, -24, 676, -497
30697, 769, 370, 3242, -66, -22, -4, 672, -499
30707, 720, 407, 3340, -53, -22, 1, 669, -499
30717, 712, 459, 3279, -14, -41, 14, 670, -500
30727, 719, 436, 3290, 46, 24, 27, 674, -498
30737, 743, 394, 3254, 1, -19, 4, 674, -498
30747, 749, 416, 3341, -31, -5, -4, 673, -498
30757, 739, 373, 3417, 10, 12, 25, 672, -497
30767, 757, 341, 3456, -56, 21, 9, 667, -495
30777, 741, 305, 3357, -153, 8, -21, 655, -494
30787, 798, 327, 3383, -65, 27, 26, 650, -494
30797, 761, 453, 3338, 7, 39, 70, 652, -491
30807, 790, 348, 3335, 11, 62, 55, 652, -488
30817, 806, 354, 3290, -35, 54, 33, 649, -487
30827, 732, 468, 3291, 20, 60, 21, 653, -482
30837, 786, 317, 3185, 82, 43, 66, 657, -481
30847, 779, 380, 3152, 50, -6, 44, 660, -483
30857, 694, 411, 3126, -45, -8, 6, 659, -482
30867, 688, 414, 3299, 9, -12, 31, 660, -481
30877, 695, 445, 3236, -21, -15, 4, 661, -481
30887, 707, 403, 3176, -113, -36, -54, 655, -482
30897, 734, 376, 3206, -76, -46, -8, 650, -485
30907, 753, 357, 3270, -19, -52, 9, 649, -489
30917, 749, 404, 3309, -49, -43, -17, 646, -491
30927, 764, 361, 3324, -18, -27, -25, 645, -493
30937, 799, 343, 3284, -24, -40, -37, 643, -497
30947, 788, 352, 3278, -47, -45, -40, 639, -500
30957, 847, 273, 3286, -53, -59, -26, 633, -506
30967, 825, 319, 3382, -78, -67, -33, 627, -512
30977, 797, 341, 3427, -61, -64, -13, 623, -516
30987, 781, 354, 3420, -45, -39, -8, 620, -519
30997, 792, 380, 3414, -6, -21, 10, 620, -520
31007, 801, 311, 3351, 38, -10, 21, 621, -521
31017, 812, 366, 3235, 6, -15, 7, 621, -523
31027, 759, 404, 3293, 42, -25, 23, 625, -524
31037, 724, 387, 3291, 3, -20, 3, 626, -524
31047, 744, 431, 3280, -11, -34, 5, 628, -525
31057, 721, 461, 3306, -45, -42, -8, 628, -526
31067, 730, 430, 3352, -18, -40, -9, 628, -527
31077, 733, 377, 3373, 38, -29, -5, 631, -528
31087, 735, 390, 3361, 17, -27, -26, 632, -528
31097, 758, 366, 3275, -72, -55, -68, 628, -531
31107, 796, 361, 3257, -115, -75, -85, 621, -536
31117, 799, 302, 3354, -104, -86, -76, 613, -541
31127, 835, 349, 3379, -96, -73, -50, 607, -547
31137, 774, 421, 3488, -89, -45, -45, 603, -549
31147, 813, 388, 3512, -101, -16, -66, 598, -549
31157, 847, 444, 3409, -115, -4, -80, 593, -551
31167, 857, 383, 3326, -82, -5, -58, 589, -553
31177, 882, 316, 3375, -115, -9, -82, 582, -555
31187, 900, 331, 3286, -53, -5, -63, 579, -558
31197, 808, 357, 3306, -60, -6, -77, 576, -559
31207, 837, 312, 3343, 59, 13, -28, 579, -559
31217, 820, 253, 3291, 75, 27, -4, 582, -558
31227, 862, 180, 3410, 26, 41, -2, 579, -556
31237, 882, 206, 3345, 89, 50, 43, 581, -555
31247, 840, 221, 3294, 90, 64, 12, 584, -553
31257, 844, 358, 3279, 77, 39, 42, 590, -552
31267, 855, 334, 3241, 111, 49, 37, 597, -550
31277, 813, 348, 3185, 79, 40, 23, 602, -549
31287, 833, 341, 3185, 66, 20, 28, 606, -549
31297, 830, 383, 3191, 61, 1, 39, 612, -550
31307, 806, 458, 3304, 45, -2, 44, 617, -550
31319, 788, 433, 3449, 23, 30, 21, 620, -548
31327, 817, 382, 3407, 16, 43, 7, 622, -545
31337, 859, 343, 3257, -9, 43, 4, 621, -545
31347, 834, 313, 3162, -9, 20, 21, 620, -545
31357, 856, 346, 3238, -42, -8, 18, 617, -547
31367, 827, 369, 3330, -15, -18, 11, 616, -549
31377, 792, 358, 3387, 7, -3, 0, 617, -549
31387, 814, 363, 3430, 25, 3, 13, 618, -549
31397, 808, 385, 3464, 9, 24, 14, 619, -548
31407, 767, 354, 3464, 62, 46, 44, 623, -544
31417, 774, 418, 3397, 102, 73, 60, 630, -538
31427, 780, 425, 3321, 90, 63, 50, 637, -534
31437, 765, 393, 3344, 52, 60, 39, 641, -530
31447, 796, 336, 3327, 66, 52, 48, 644, -527
31457, 744, 355, 3366, 37, 53, 38, 646, -523
31467, 778, 349, 3364, 19, 59, 34, 646, -519
31477, 797, 377, 3370, -40, 48, -4, 643, -517
31487, 763, 376, 3310, -84, 43, -31, 638, -514
31497, 759, 357, 3255, -60, 39, -11, 634, -511
31507, 744, 295, 3276, -40, 40, 4, 630, -508
31517, 787, 396, 3166, -88, 37, -17, 626, -507
31527, 761, 437, 3242, -50, 29, 0, 625, -505
31537, 750, 459, 3311, 27, 28, 25, 630, -503
31547, 719, 443, 3390, -22, 47, -18, 630, -499
31557, 708, 417, 3485, -51, 59, -31, 628, -494
31567, 722, 373, 3464, -45, 100, -35, 625, -486
31577, 766, 342, 3285, -42, 106, 1, 622, -480
31587, 720, 329, 3277, -35, 91, 33, 619, -474
31597, 734, 302, 3275, -64, 84, 18, 614, -469
31607, 723, 304, 3285, -103, 87, -2, 607, -463
31617, 724, 435, 3221, -134, 66, -29, 601, -459
31627, 722, 463, 3268, -117, 64, -60, 598, -455
31637, 752, 379, 3305, -151, 57, -82, 589, -452
31647, 689, 416, 3314, -69, 62, -50, 587, -448
31657, 711, 277, 3335, -104, 68, -53, 580, -443
31667, 696, 367, 3330, -54, 67, -27, 577, -438
31677, 694, 355, 3303, -35, 74, -27, 576, -433
31687, 734, 326, 3253, -24, 68, -19, 575, -430
31697, 777, 212, 3188, -7, 35, -23, 572, -430
31707, 770, 239, 3227, -127, -12, -55, 562, -433
31717, 775, 247, 3300, -47, -30, -6, 557, -436
31727, 743, 263, 3371, 32, -10, 41, 558, -438
31737, 660, 309, 3531, 102, 23, 65, 564, -434
31747, 729, 329, 3452, 127, 65, 74, 571, -431
31757, 734, 379, 3452, 115, 81, 56, 580, -426
31767, 730, 373, 3374, 79, 88, 34, 585, -421
31777, 751, 349, 3295, 41, 58, 25, 589, -419
31787, 707, 378, 3270, 2, 41, 9, 590, -417
31797, 699, 349, 3319, -40, 35, -7, 588, -415
31807, 722, 239, 3315, -62, 27, -35, 582, -414
31817, 792, 337, 3238, -29, 10, -28, 580, -416
31827, 729, 347, 3305, -7, 3, -5, 581, -417
31837, 677, 354, 3465, 2, 21, 14, 581, -414
31847, 680, 428, 3499, -18, 51, 24, 582, -411
31857, 665, 368, 3474, 86, 97, 58, 588, -404
31867, 673, 386, 3358, 85, 120, 40, 594, -396
31877, 757, 253, 3220, 17, 102, 6, 593, -392
31887, 693, 283, 3301, 34, 96, 24, 594, -386
31897, 773, 186, 3045, -10, 40, 3, 590, -387
31907, 784, 245, 3195, -103, 8, -2, 582, -390
31917, 712, 245, 3205, 3, 7, 20, 580, -391
31927, 661, 403, 3497, -74, 32, 28, 577, -388
31937, 724, 575, 3450, -51, 69, 0, 580, -385
31947, 744, 369, 3412, 28, 118, 14, 582, -379
31957, 678, 276, 3365, 64, 119, 20, 585, -372
31967, 581, 342, 3277, 87, 127, 58, 590, -362
31977, 774, 216, 3127, 133, 63, 94, 596, -362
31987, 734, 249, 3142, -19, 44, 23, 593, -362
31997, 626, 340, 3263, 106, 38, 53, 599, -359
32007, 716, 315, 3179, 125, 56, 79, 607, -357
32017, 577, 568, 3396, -11, 34, -5, 612, -353
32027, 663, 473, 3378, 22, 34, 0, 616, -351
32037, 605, 365, 3470, -56, 41, -51, 612, -347
32047, 665, 287, 3388, -111, 41, -64, 604, -345
32057, 676, 222, 3354, -115, 27, -41, 593, -344
32067, 678, 296, 3304, -127, 30, -38, 585, -343
32077, 635, 365, 3271, -60, 32, -7, 582, -341
32087, 618, 402, 3329, -28, 39, -24, 582, -338
32097, 656, 371, 3227, -44, 20, -48, 581, -337
32107, 669, 358, 3197, -86, -25, -72, 577, -340
32117, 618, 325, 3341, -130, -50, -85, 569, -342
32127, 591, 330, 3416, -126, -64, -64, 561, -345
32137, 561, 318, 3533, -114, -37, -47, 554, -344
32147, 623, 298, 3548, -65, 11, -24, 549, -343
32157, 637, 259, 3472, 19, 37, 2, 549, -340
32167, 662, 211, 3400, 42, 47, 25, 549, -338
32177, 611, 241, 3433, 22, 43, 30, 548, -334
32187, 645, 336, 3465, 74, 65, 46, 553, -330
32197, 603, 388, 3396, 95, 66, 37, 561, -325
32207, 534, 413, 3328, 12, 70, -8, 564, -318
32217, 609, 368, 3212, 10, 56, -5, 567, -315
32227, 609, 366, 3234, -7, 32, -14, 568, -312
32237, 635, 297, 3290, -31, 16, -16, 565, -312
32247, 614, 283, 3352, -39, 12, -9, 562, -311
32257, 625, 291, 3341, -23, 31, 3, 560, -309
32267, 596, 304, 3383, 57, 62, 42, 563, -305
32277, 628, 317, 3291, 90, 82, 43, 569, -300
32287, 634, 353, 3250, 25, 69, 14, 571, -297
32297, 600, 384, 3264, 77, 57, 36, 578, -293
32307, 592, 350, 3262, 72, 46, 22, 583, -290
32318, 607, 356, 3261, 11, 32, -40, 585, -288
32327, 567, 371, 3145, 62, 25, -34, 590, -286
32337, 634, 282, 3133, 17, -13, -49, 590, -288
32347, 691, 258, 3193, 6, -37, -41, 589, -293
32357, 628, 218, 3307, 16, -55, -8, 587, -297
32367, 592, 276, 3507, -27, -30, -15, 583, -298
32377, 625, 318, 3514, -10, -8, 1, 582, -298
32387, 592, 375, 3526, -27, 26, -11, 581, -296
32397, 652, 405, 3486, -36, 35, -32, 580, -295
32407, 614, 473, 3390, -7, 36, -20, 584, -293
32417, 561, 418, 3374, -37, 40, -66, 583, -289
32427, 590, 411, 3294, -25, 35, -72, 584, -286
32437, 598, 345, 3241, 18, 20, -32, 586, -285
32447, 601, 316, 3286, -53, 1, -61, 582, -285
32457, 610, 325, 3287, -22, -13, -46, 581, -286
32467, 609, 371, 3422, 31, -13, -15, 584, -287
32477, 610, 311, 3440, -22, 3, -36, 582, -287
32487, 651, 302, 3439, -1, 14, -22, 581, -287
32497, 626, 359, 3362, 23, 21, -14, 583, -286
32507, 636, 328, 3385, 63, 16, 2, 586, -286
32517, 646, 294, 3338, 46, 3, -3, 588, -287
32527, 594, 338, 3289, -32, -12, -38, 586, -288
32537, 595, 382, 3363, -23, -17, -22, 586, -289
32547, 667, 347, 3441, -16, 0, -18, 585, -290
32557, 661, 352, 3462, -17, 42, -15, 584, -289
32567, 659, 326, 3493, -54, 65, -35, 581, -286
32577, 661, 324, 3406, -1, 76, 7, 580, -283
32587, 647, 327, 3230, -21, -82, -47, 579, -289
32597, 617, 408, 3283, 174, 140, 52, 592, -281
32607, 603, 330, 3364, 82, 31, 3, 597, -279
32617, 616, 313, 3509, 142, 71, -6, 604, -275
32627, 680, 342, 3501, 147, 6, -11, 613, -277
32637, 678, 267, 3388, 119, 191, -24, 618, -267
32647, 697, 205, 3258, 107, 93, -21, 620, -265
32657, 654, 203, 3133, 92, 61, 8, 622, -263
32667, 613, 254, 3132, 6, 60, -18, 620, -261
32677, 537, 336, 3109, -5, 65, -5, 620, -256
32687, 441, 483, 3043, 34, 53, -8, 626, -249
32697, 462, 462, 3068, 10, 74, -33, 631, -241
32707, 441, 579, 3049, 22, 66, -43, 639, -234
32717, 560, 541, 3088, -13, 2, -46, 644, -234
32727, 594, 541, 3240, -42, -11, -54, 646, -236
32737, 563, 542, 3405, -64, -7, -47, 646, -236
32747, 603, 428, 3524, -104, 10, -83, 640, -236
32757, 645, 384, 3490, -59, 21, -81, 637, -237
32767, 673, 292, 3474, -41, 62, -73, 632, -236
32777, 663, 216, 3412, -47, 97, -75, 625, -232
32787, 606, 174, 3354, -49, 126, -59, 617, -226
32797, 601, 240, 3331, -53, 165, -64, 610, -217
32807, 628, 302, 3132, -4, 155, -40, 609, -210
32817, 619, 202, 3072, -2, 109, -32, 606, -206
32827, 615, 212, 3006, -23, 62, -26, 601, -204
32837, 560, 221, 3129, -18, 42, -16, 597, -202
32847, 502, 252, 3273, -16, 52, -13, 594, -198
32857, 426, 311, 3395, -27, 73, -28, 592, -191
32867, 442, 243, 3470, -36, 108, -34, 587, -182
32877, 386, 327, 3541, -33, 131, -39, 584, -170
32887, 438, 303, 3417, -39, 148, -17, 581, -159
32897, 457, 278, 3429, 17, 129, 34, 580, -150
32907, 439, 388, 3499, -42, 118, 27, 579, -141
32917, 402, 487, 3541, -9, 130, 12, 582, -130
32927, 366, 546, 3503, 70, 160, 27, 591, -117
32937, 333, 534, 3431, 97, 180, 25, 602, -103
32947, 353, 541, 3375, 45, 168, -18, 610, -89
32957, 318, 568, 3369, 46, 148, -24, 618, -77
32967, 291, 522, 3420, 8, 126, -46, 623, -65
32977, 352, 436, 3485, -36, 101, -68, 622, -56
32987, 378, 358, 3528, -64, 86, -63, 617, -50
32997, 421, 309, 3522, -26, 72, -35, 614, -45
33007, 489, 204, 3620, -71, 52, -27, 605, -44
33017, 475, 198, 3684, -82, 37, -4, 596, -43
33027, 496, 284, 3726, -55, 40, 23, 590, -42
33037, 444, 441, 3661, -8, 61, 17, 591, -39
33047, 412, 488, 3570, 9, 85, -10, 595, -33
33057, 399, 368, 3464, 21, 105, -22, 597, -26
33067, 497, 346, 3299, 3, 85, -16, 597, -24
33077, 538, 300, 3160, 32, 36, 27, 598, -25
33087, 490, 282, 3251, -7, -14, 34, 597, -28
33097, 444, 360, 3337, -7, -2, 43, 597, -29
33107, 413, 353, 3325, 5, 24, 28, 597, -28
33117, 442, 409, 3193, -11, 42, -3, 599, -26
33127, 486, 406, 3137, 49, 30, 30, 604, -27
33137, 478, 297, 3193, 28, -2, 33, 605, -29
33147, 432, 276, 3297, -22, -13, 22, 602, -30
33157, 422, 350, 3260, -30, 1, 14, 600, -30
33167, 408, 405, 3195, -30, -5, -1, 601, -30
33177, 423, 354, 3107, -50, -37, 0, 599, -33
33187, 455, 314, 3073, -83, -77, -8, 594, -39
33197, 444, 396, 3138, -60, -103, -2, 592, -46
33207, 435, 365, 3266, -62, -107, -26, 589, -53
33217, 432, 368, 3382, -97, -80, -42, 584, -58
33227, 433, 319, 3412, 0, -41, -21, 584, -60
33237, 415, 281, 3375, 10, 8, -11, 583, -59
33247, 429, 312, 3246, 16, 24, -19, 583, -58
33257, 454, 352, 3132, 43, 26, -6, 587, -57
33267, 401, 433, 3121, 20, 1, -21, 592, -56
33277, 406, 454, 3165, 12, -16, -39, 596, -56
33287, 413, 364, 3192, -34, -42, -66, 595, -58
33297, 403, 336, 3359, -97, -51, -83, 589, -61
33307, 412, 351, 3460, -70, -41, -53, 585, -63
33318, 448, 356, 3414, -102, -18, -69, 579, -64
33327, 451, 381, 3361, -103, -10, -80, 574, -65
33337, 472, 314, 3283, -110, -19, -74, 567, -67
33347, 468, 335, 3355, -64, -31, -54, 564, -70
33357, 445, 319, 3405, -25, 0, -51, 562, -70
33367, 455, 307, 3303, -23, 5, -71, 561, -70
33377, 465, 250, 3288, -81, -7, -75, 554, -71
33387, 461, 239, 3288, -110, -25, -66, 546, -73
33397, 459, 291, 3425, -104, -37, -48, 539, -76
33407, 466, 329, 3428, -97, -28, -52, 534, -78
33417, 412, 286, 3541, -65, -5, -62, 529, -77
33427, 461, 289, 3480, -55, 16, -64, 525, -76
33437, 464, 144, 3411, -85, 28, -79, 516, -75
33447, 464, 152, 3344, -50, 25, -52, 509, -74
33457, 471, 152, 3313, -9, 22, -17, 506, -74
33467, 464, 227, 3303, -20, 19, 1, 503, -73
33477, 443, 293, 3380, -80, 23, -16, 499, -72
33487, 419, 415, 3477, -34, 17, -10, 500, -70
33497, 388, 484, 3450, -101, 45, -65, 499, -66
33507, 404, 453, 3439, -94, 61, -113, 498, -61
33517, 460, 278, 3225, 21, 68, -90, 500, -58
33527, 445, 206, 3077, 10, 62, -79, 500, -54
33537, 501, 202, 3019, -23, 17, -73, 497, -55
33547, 527, 157, 3087, -23, -45, -38, 493, -61
33557, 510, 80, 3275, -49, -65, -36, 485, -67
33567, 489, 176, 3418, -52, -62, -8, 480, -72
33577, 511, 234, 3582, -50, -25, -6, 476, -75
33587, 472, 316, 3556, 13, 17, 14, 478, -75
33597, 470, 363, 3486, 50, 42, 6, 483, -73
33607, 450, 360, 3405, 81, 43, 2, 491, -70
33617, 469, 389, 3333, 42, 31, -17, 497, -69
33627, 430, 389, 3323, -7, 11, -57, 500, -68
33637, 450, 353, 3252, 2, 1, -56, 502, -68
33647, 433, 307, 3420, 31, 4, -24, 505, -68
33657, 431, 227, 3474, 45, 20, -5, 506, -67
33667, 455, 263, 3511, 52, 57, 8, 509, -63
33677, 488, 228, 3431, 58, 81, 18, 511, -60
33687, 560, 239, 3254, 26, 62, 15, 512, -60
33697, 494, 306, 3221, -36, 14, 6, 510, -60
33707, 468, 315, 3257, -57, -7, -12, 508, -62
33717, 419, 336, 3301, -69, -35, -32, 506, -63
33727, 417, 309, 3306, -53, -36, -52, 504, -65
33737, 484, 270, 3320, -27, -30, -46, 502, -68
33747, 468, 201, 3383, 5, -23, -22, 500, -70
33757, 511, 167, 3354, -30, -23, -15, 496, -74
33767, 490, 256, 3370, -47, -24, -7, 492, -76
33777, 500, 269, 3289, -2, -11, 1, 493, -78
33787, 541, 251, 3234, 57, 3, 32, 496, -81
33797, 520, 263, 3320, 34, -13, 24, 498, -84
33807, 463, 293, 3313, 13, -15, 0, 500, -85
33817, 485, 318, 3270, 66, -16, 14, 505, -87
33827, 470, 326, 3285, 82, -22, 18, 512, -88
33837, 404, 317, 3375, 52, -16, 13, 516, -88
33847, 433, 314, 3320, 17, -16, -9, 518, -88
33857, 397, 342, 3340, 6, -13, -22, 520, -88
33867, 403, 261, 3392, 25, -28, -1, 521, -88
33877, 438, 228, 3417, -2, -25, -10, 519, -89
33887, 443, 255, 3360, 8, -38, -4, 518, -91
33897, 471, 294, 3386, 16, -37, 3, 520, -94
33907, 462, 272, 3458, -33, -42, -8, 517, -96
33917, 483, 288, 3568, -13, -15, -1, 516, -98
33927, 466, 295, 3561, -7, 9, 9, 515, -97
33937, 466, 289, 3502, -22, 46, -8, 514, -94
33947, 480, 252, 3378, 27, 51, 19, 515, -92
33957, 467, 290, 3287, 2, 57, 15, 515, -89
33967, 465, 257, 3328, -52, 31, -1, 511, -87
33977, 391, 316, 3453, -12, 38, 14, 511, -83
33987, 421, 342, 3386, -8, 63, 0, 513, -78
33997, 417, 283, 3380, -68, 58, -23, 508, -74
34007, 436, 260, 3302, -50, 69, -19, 505, -69
34017, 430, 328, 3193, -34, 64, -17, 505, -65
34027, 422, 320, 3204, -35, 37, -20, 504, -63
34037, 372, 394, 3223, -14, 9, -21, 507, -60
34047, 407, 330, 3265, -16, 10, -16, 508, -59
34057, 432, 255, 3299, -31, 15, -1, 506, -58
34067, 438, 254, 3320, -70, 9, -4, 501, -58
34077, 527, 189, 3368, -10, 32, 20, 498, -58
34087, 501, 155, 3293, -1, 40, 24, 495, -58
34097, 507, 194, 3376, 9, 0, 15, 494, -60
34107, 469, 263, 3333, 48, 26, 43, 496, -59
34117, 458, 303, 3326, 43, -32, 6, 500, -62
34127, 434, 323, 3289, 55, 50, 21, 505, -59
34137, 361, 352, 3281, 31, 40, 13, 509, -54
34147, 320, 338, 3297, 10, 31, -4, 512, -49
34157, 354, 326, 3338, 12, 17, -11, 514, -46
34167, 341, 256, 3296, 23, 26, -19, 514, -42
34177, 386, 190, 3283, 57, 32, -2, 516, -40
34187, 387, 190, 3251, 60, 23, 20, 517, -37
34197, 352, 263, 3283, 36, 10, 26, 519, -35
34207, 329, 358, 3383, 90, 8, 48, 526, -32
34217, 326, 487, 3410, 110, 14, 45, 538, -29
34227, 284, 484, 3444, 90, 15, 26, 548, -25
34237, 345, 336, 3481, 96, 26, 18, 554, -22
34247, 390, 328, 3338, 54, 15, 11, 558, -20
34257, 380, 312, 3441, 6, -2, 6, 558, -20
34267, 377, 303, 3422, 16, -7, -8, 559, -19
34277, 385, 316, 3454, 39, 9, -6, 561, -18
34287, 418, 292, 3458, 90, 16, 20, 566, -18
34297, 462, 218, 3373, 58, 16, 12, 566, -18
34307, 465, 209, 3373, 63, 16, 12, 567, -19
34318, 452, 290, 3348, 73, 3, 16, 571, -20
34327, 424, 313, 3321, 19, -1, -3, 572, -21
34337, 405, 296, 3309, 3, -16, -14, 571, -22
34347, 387, 367, 3316, -15, 11, -13, 572, -21
34357, 399, 406, 3304, 13, -26, 8, 575, -22
34367, 362, 468, 3308, -55, -26, -24, 575, -22
34377, 385, 467, 3328, -24, -48, -44, 578, -25
34387, 391, 434, 3434, -26, -4, -44, 579, -24
34397, 415, 389, 3396, 7, 13, -36, 581, -24
34407, 462, 338, 3292, -31, 17, -56, 579, -24
34417, 475, 297, 3252, -29, 9, -52, 577, -26
34427, 480, 260, 3251, -61, -1, -59, 571, -28
34437, 498, 243, 3280, -88, -1, -57, 564, -30
34447, 551, 225, 3295, -48, -6, -34, 559, -34
34457, 510, 235, 3295, -63, -5, -53, 553, -37
34467, 488, 263, 3322, -70, -9, -48, 547, -40
34477, 486, 212, 3379, -29, -4, -29, 543, -42
34487, 452, 256, 3430, 17, 8, -5, 543, -42
34497, 444, 196, 3406, 71, 37, 41, 544, -40
34507, 362, 325, 3419, 52, 58, 25, 548, -35
34517, 433, 338, 3319, 14, 58, 17, 550, -32
34527, 368, 383, 3353, 16, 32, 11, 553, -29
34537, 358, 390, 3288, 41, 38, 9, 557, -25
34547, 387, 358, 3298, 10, 36, -17, 559, -23
34557, 358, 394, 3297, -11, 9, -31, 561, -21
34567, 370, 320, 3326, -1, -16, -17, 561, -21
34577, 399, 309, 3310, -4, -22, -7, 561, -22
34587, 385, 294, 3365, -3, -27, 4, 560, -23
34597, 402, 320, 3454, 12, -16, 11, 561, -24
34607, 413, 300, 3490, 27, 9, 14, 562, -23
34617, 463, 253, 3415, 14, 23, 4, 561, -24
34627, 440, 269, 3344, -26, 21, -15, 558, -23
34637, 424, 302, 3273, -7, -2, -1, 557, -24
34647, 448, 323, 3328, -18, -9, -14, 556, -25
34657, 402, 297, 3447, 6, -14, 11, 556, -26
34667, 412, 308, 3460, -24, 0, -1, 554, -26
34677, 432, 306, 3457, 3, 29, 4, 554, -25
34687, 397, 384, 3401, 20, 43, 0, 557, -22
34697, 511, 268, 3289, -8, 61, -6, 556, -21
34707, 378, 405, 3374, 2, 29, 2, 558, -19
34717, 390, 404, 3318, 34, 35, 7, 563, -16
34727, 396, 381, 3291, -25, 8, -20, 563, -16
34737, 387, 397, 3311, -3, 14, -15, 565, -14
34747, 363, 371, 3312, 6, 6, 4, 567, -13
34757, 390, 356, 3354, -33, 5, -10, 566, -12
34767, 420, 286, 3420, -8, 4, 9, 564, -13
34777, 444, 266, 3243, -2, 6, 7, 563, -14
34787, 442, 291, 3365, -24, 0, -3, 561, -15
34797, 451, 217, 3424, 28, 4, 21, 560, -16
34807, 450, 227, 3447, 10, 13, 20, 558, -16
34817, 444, 247, 3386, -24, 49, -4, 555, -14
34827, 462, 279, 3340, -6, 75, 0, 553, -12
34837, 388, 380, 3312, 33, 96, -2, 557, -5
34847, 422, 280, 3252, 31, 84, 29, 559, -1
34857, 422, 298, 3320, 20, 62, 14, 560, 1
34867, 421, 363, 3269, 71, 60, 37, 565, 4
34877, 362, 280, 3262, 0, 44, 0, 565, 7
34887, 387, 323, 3273, -10, 27, -1, 564, 9
34897, 400, 321, 3273, -29, 9, 11, 563, 9
34907, 406, 300, 3361, -85, -4, -9, 557, 8
34917, 403, 315, 3489, -25, 16, 8, 555, 8
34927, 367, 243, 3467, 13, 50, 15, 554, 12
34937, 391, 219, 3361, 10, 63, 16, 552, 15
34947, 390, 318, 3259, 15, 60, 28, 554, 18
34957, 358, 384, 3232, 15, 39, 28, 557, 21
34967, 333, 390, 3262, 15, 18, 20, 560, 24
34977, 342, 392, 3308, 4, 10, 18, 563, 25
34987, 304, 387, 3383, -17, -13, 8, 563, 26
34997, 319, 390, 3399, 8, 10, 21, 566, 28
35007, 322, 333, 3409, 21, 9, 8, 567, 30
35017, 354, 269, 3415, 33, 1, 11, 568, 30
35027, 367, 311, 3400, 31, 14, 12, 569, 31
35037, 351, 333, 3410, 30, 13, 19, 571, 32
35047, 321, 344, 3459, 83, 29, 33, 576, 35
35057, 324, 313, 3430, 142, 54, 67, 584, 39
35067, 301, 310, 3427, 113, 72, 45, 591, 45
35077, 297, 313, 3325, 116, 67, 62, 597, 51
35087, 295, 310, 3263, 55, 30, 45, 600, 54
35097, 270, 445, 3406, -1, 20, -2, 602, 57
35107, 295, 372, 3411, 81, 16, 52, 608, 60
35117, 289, 387, 3386, 0, 14, -7, 608, 62
35127, 338, 376, 3329, 7, 22, -4, 610, 64
35137, 262, 516, 3342, 27, 15, -6, 616, 67
35147, 215, 537, 3486, -9, 43, -49, 619, 72
35157, 244, 552, 3386, 41, 15, -24, 627, 76
35167, 264, 433, 3420, 42, 12, -25, 631, 78
35177, 246, 444, 3443, 55, 21, -9, 636, 82
35187, 233, 423, 3440, 5, 31, -56, 637, 86
35197, 258, 418, 3356, -10, 55, -79, 638, 91
35207, 352, 420, 3243, -39, 14, -98, 637, 91
35217, 381, 300, 3230, -72, -33, -103, 631, 87
35227, 396, 224, 3289, -8, -45, -60, 627, 83
35237, 390, 212, 3420, 29, -53, -49, 625, 78
35247, 397, 83, 3464, -12, -22, -54, 616, 75
35257, 403, 324, 3479, 5, -1, -49, 615, 73
35267, 406, 334, 3428, 63, 49, -17, 618, 74
35277, 483, 288, 3378, 36, 71, -11, 619, 74
35287, 570, 231, 3250, 11, 82, 1, 616, 73
35297, 451, 398, 3346, 71, 109, 20, 621, 76
35307, 376, 395, 3252, 50, 73, -13, 626, 80
35319, 400, 437, 3338, 105, 111, 8, 634, 84
35327, 444, 370, 3276, 78, 92, 4, 639, 87
35337, 356, 330, 3289, -61, 122, -58, 634, 93
35347, 338, 352, 3210, -42, 164, -68, 632, 103
35357, 346, 374, 3144, -28, 140, -87, 631, 111
35367, 364, 255, 3065, -39, 124, -84, 626, 117
35377, 292, 391, 3104, -73, 87, -82, 623, 122
35387, 414, 291, 2988, -46, 96, -49, 619, 125
35397, 356, 347, 3042, -67, 63, -58, 616, 127
35407, 354, 285, 3119, -24, 67, -20, 613, 130
35417, 352, 262, 3156, 15, 66, -6, 612, 132
35427, 386, 270, 3147, -12, 60, -11, 610, 133
35437, 386, 246, 3272, -27, 53, 1, 605, 134
35447, 348, 292, 3302, 1, 61, 10, 604, 136
35457, 352, 323, 3367, 10, 73, 9, 604, 139
35467, 401, 283, 3308, -3, 66, -16, 602, 140
35477, 341, 351, 3319, 19, 51, -26, 603, 141
35487, 306, 328, 3299, 30, 41, -25, 605, 143
35497, 254, 316, 3454, 45, 34, -8, 606, 146
35507, 267, 303, 3548, 73, 59, 18, 609, 150
35517, 252, 326, 3616, 89, 69, 58, 613, 155
35527, 218, 353, 3647, 55, 104, 39, 616, 162
35537, 223, 400, 3613, 44, 118, 31, 619, 170
35547, 200, 445, 3474, 34, 139, 23, 623, 180
35557, 167, 460, 3440, 63, 134, 22, 629, 191
35567, 164, 414, 3254, 87, 117, 23, 636, 200
35577, 171, 440, 3266, 58, 81, 2, 641, 207
35587, 191, 428, 3151, 39, 42, -23, 646, 211
35597, 212, 380, 3235, 84, 20, 12, 651, 213
35607, 130, 264, 3281, 53, 13, 35, 652, 216
35617, 83, 528, 3328, 44, -21, -1, 658, 219
35627, 91, 513, 3339, 34, 8, 7, 664, 223
35637, 133, 425, 3302, 17, 19, -22, 666, 227
35647, 288, 434, 3080, 49, -13, 1, 671, 224
35657, 186, 467, 3217, 79, -4, -5, 678, 225
35667, 278, 352, 3197, 8, -24, -16, 677, 222
35677, 266, 343, 3271, -40, -69, -8, 674, 217
35687, 254, 362, 3477, -31, -55, -8, 670, 213
35697, 226, 415, 3480, -18, -30, -5, 669, 211
35707, 212, 454, 3435, -44, -3, -28, 668, 211
35717, 174, 520, 3471, -49, -6, -26, 668, 212
35727, 192, 544, 3522, -53, -1, -25, 668, 213
35737, 212, 535, 3554, -18, 30, -15, 670, 215
35747, 144, 515, 3567, 42, 69, -15, 674, 221
35757, 173, 443, 3537, 82, 126, -29, 680, 230
35767, 210, 335, 3387, 135, 143, -3, 686, 239
35777, 250, 297, 3250, 96, 116, 10, 689, 245
35787, 216, 408, 3269, 60, 72, 35, 693, 249
35797, 191, 364, 3380, -35, 34, 11, 690, 251
35807, 192, 392, 3420, -127, 17, -27, 681, 252
35817, 206, 449, 3400, -184, 21, -60, 671, 253
35827, 194, 448, 3370, -130, 44, -66, 664, 256
35837, 155, 469, 3275, -96, 22, -60, 661, 259
35847, 190, 444, 3250, -73, 29, -74, 658, 261
35857, 171, 476, 3241, -61, -6, -59, 657, 261
35867, 177, 475, 3264, -92, -26, -69, 654, 260
35877, 155, 418, 3382, -161, -49, -83, 645, 258
35887, 171, 472, 3461, -123, -28, -71, 640, 257
35897, 194, 461, 3395, -80, -4, -57, 637, 257
35907, 239, 396, 3460, -58, -1, -58, 634, 255
35917, 247, 328, 3349, -12, 17, -41, 632, 255
35927, 260, 349, 3342, -34, -1, -50, 629, 254
35937, 279, 357, 3428, 6, 37, -31, 629, 254
35947, 236, 348, 3413, 50, 39, -12, 631, 255
35957, 268, 297, 3391, -23, 39, -48, 628, 255
35967, 312, 281, 3307, -6, 33, -34, 625, 254
35977, 268, 359, 3270, -18, 4, -28, 624, 253
35987, 272, 371, 3276, -53, -26, -41, 622, 249
35997, 252, 326, 3299, -101, -31, -64, 615, 246
36007, 274, 331, 3275, -74, -22, -49, 610, 243
36017, 274, 359, 3260, -73, -21, -55, 606, 240
36027, 303, 348, 3286, -20, 2, -33, 605, 238
36037, 322, 367, 3261, 47, 23, -13, 608, 236
36047, 333, 350, 3195, 123, 36, 5, 616, 235
36057, 347, 312, 3136, 200, 48, 25, 628, 235
36067, 329, 288, 3041, 255, 45, 28, 642, 234
36077, 304, 263, 3095, 336, 62, 71, 660, 236
36087, 254, 350, 2951, 369, 46, 70, 683, 238
36097, 104, 428, 3174, 381, 57, 18, 707, 245
36107, 111, 362, 3294, 236, 97, 19, 720, 253
36117, 169, 384, 3286, 73, 121, 7, 723, 261
36127, 340, 314, 3217, 3, 114, -46, 721, 265
36137, 160, 646, 3236, 98, 123, 0, 733, 273
36147, 124, 397, 3237, 95, 118, -2, 738, 282
36157, 45, 476, 3253, 48, 98, -15, 742, 292
36167, 90, 450, 3250, -31, 76, -23, 740, 299
36177, 11, 505, 3177, -203, 65, -77, 730, 307
36187, -36, 607, 3292, -133, 21, -48, 726, 314
36197, 44, 616, 3237, 3, 23, 63, 732, 318
36207, -63, 628, 3419, 36, -14, 44, 738, 323
36217, 90, 481, 3506, 63, -12, 76, 743, 323
36227, -7, 431, 3576, 31, -58, 12, 743, 323
36237, 47, 444, 3479, -126, 1, -56, 735, 326
36247, 144, 410, 3368, -117, -19, -58, 727, 325
36257, 89, 383, 3456, -85, -87, -40, 720, 321
36267, 129, 346, 3545, -136, -57, -82, 708, 317
36277, 190, 396, 3724, -71, -100, -48, 702, 310
36287, 165, 428, 3813, -53, -56, -46, 698, 306
36297, 93, 443, 3897, -51, 23, -41, 694, 308
36307, 138, 482, 3692, -67, 71, -57, 690, 312
36318, 185, 494, 3440, -41, 71, -71, 690, 316
36327, 151, 474, 3362, -92, 31, -51, 686, 318
36337, 185, 359, 3319, -170, -1, -63, 674, 317
36347, 247, 421, 3356, -149, -23, -53, 665, 313
36357, 270, 503, 3386, -218, -1, -76, 655, 310
36367, 298, 474, 3400, -146, -133, -142, 648, 298
36377, 152, 551, 3303, 76, -41, -34, 657, 296
36387, 217, 562, 3474, 87, 42, -23, 667, 297
36397, 224, 399, 3340, -129, -77, -152, 659, 290
36407, 305, 471, 3259, -134, 7, -134, 653, 287
36417, 240, 394, 3309, -104, 16, -142, 648, 287
36427, 278, 285, 3295, -129, 78, -140, 637, 289
36437, 302, 215, 3243, -120, 24, -127, 626, 287
36447, 357, 253, 3169, -119, 10, -102, 616, 282
36457, 403, 305, 3054, -115, 55, -77, 609, 280
36467, 342, 386, 3139, -85, 31, -26, 605, 277
36477, 270, 339, 3409, -56, 47, -7, 601, 278
36487, 260, 326, 3468, -76, 107, 10, 596, 282
36497, 234, 291, 3530, -61, 142, 40, 590, 289
36507, 309, 319, 3362, -67, 166, 19, 586, 296
36517, 213, 339, 3158, -97, 159, -13, 580, 304
36527, 241, 259, 2927, -140, 141, -43, 571, 311
36537, 291, 235, 2853, -150, 80, -25, 561, 313
36547, 243, 326, 2845, -190, -37, -20, 551, 309
36557, 185, 256, 3071, -196, -93, -30, 538, 303
36567, 205, 203, 3276, -154, -92, 6, 526, 296
36577, 185, 329, 3259, -176, -103, 51, 517, 290
36587, 73, 239, 3497, -107, -98, 77, 509, 286
36597, 70, 331, 3583, -67, -45, 91, 506, 286
36607, 46, 414, 3493, -38, -23, 88, 507, 287
36617, -33, 328, 3566, -18, 17, 76, 506, 293
36627, -6, 212, 3582, -79, 9, 40, 500, 298
36637, 20, 280, 3614, -121, 5, 3, 492, 302
36647, -62, 336, 3632, -136, 13, -51, 485, 308
36657, -71, 413, 3578, -248, 29, -122, 473, 315
36667, -39, 381, 3535, -254, -4, -88, 461, 319
36677, -12, 300, 3489, -385, -43, -70, 438, 321
36687, -15, 329, 3529, -372, -46, -55, 418, 322
36697, -38, 410, 3464, -361, -40, -80, 401, 324
36707, -143, 476, 3429, -406, -106, -16, 383, 325
36717, 433, 270, 3364, -586, 23, -167, 350, 319
36727, 73, 231, 3342, -517, -9, -122, 320, 320
36737, 557, -80, 3309, -714, 103, -158, 271, 316
36747, 479, -52, 3195, -513, -4, -73, 236, 307
36757, 258, -126, 3276, -362, 41, -100, 208, 307
36767, 216, -9, 3152, -274, 113, -92, 190, 312
36777, 108, 115, 3221, -77, 166, -22, 188, 324
36787, 113, 55, 3086, 2, 214, 3, 189, 338
36797, 147, 43, 2919, -73, 241, -27, 185, 353
36807, 100, 84, 2919, -101, 203, -21, 180, 367
36817, 83, 179, 3002, 3, 167, 65, 185, 379
36827, 12, 129, 3202, -2, 163, 55, 188, 392
36837, 79, 81, 3227, -9, 135, 26, 189, 401
36847, 171, 43, 3255, 44, 89, 70, 191, 404
36857, 144, 15, 3325, -5, 123, 64, 191, 410
36867, 115, 24, 3273, -14, 131, 13, 189, 418
36877, 88, 47, 3252, 64, 117, 17, 194, 425
36887, 153, -148, 3301, 38, 53, 7, 191, 426
36897, 267, -168, 3315, -57, 19, -7, 182, 422
36907, 304, -60, 3502, 19, -113, 99, 180, 409
36917, 195, -98, 3380, -80, -63, 44, 172, 402
36927, 255, -46, 3429, -176, -9, -16, 159, 397
36937, 157, -10, 3348, -134, -98, -11, 150, 389
36947, -12, 60, 3497, -189, -23, -61, 140, 390
36957, 0, 140, 3491, -267, 2, -116, 127, 393
36967, 19, 32, 3412, -167, 21, -83, 118, 396
36977, 66, 35, 3375, -157, 60, -28, 110, 400
36987, 11, -24, 3471, -133, 67, 48, 102, 406
36997, 48, -79, 3463, -146, 90, 90, 91, 413
37007, 38, 267, 3421, -232, 113, 113, 85, 421
37017, -86, 41, 3483, -220, 131, 99, 74, 432
37027, -117, 300, 3385, -118, 169, 87, 76, 448
37037, -128, 171, 3472, -226, 234, -20, 68, 466
37047, -107, -5, 3466, -198, 279, 6, 57, 487
37057, -33, -79, 3240, -157, 312, 55, 47, 508
37067, -65, 56, 3081, -71, 323, 100, 46, 530
37077, -60, -10, 3129, -38, 308, 152, 45, 551
37087, -77, -61, 3147, -33, 271, 120, 44, 570
37097, -47, -58, 3192, 2, 264, 144, 44, 587
37107, -122, -114, 3252, 72, 263, 174, 47, 605
37117, -182, 278, 3099, 78, 208, 145, 62, 622
37127, -135, -36, 3032, 126, 161, 53, 70, 634
37137, -146, -191, 3175, 113, 174, 18, 73, 647
37147, -18, -502, 3357, 9, 80, -32, 62, 650
37157, 43, -516, 3501, -87, 34, -45, 44, 648
37167, 33, -359, 3663, -181, 83, -71, 26, 649
37177, 5, -244, 3731, -153, 137, -32, 13, 654
37187, -67, -112, 3584, -52, 185, -5, 9, 664
37197, -90, -31, 3324, -79, 226, -80, 6, 677
37207, -139, -10, 3152, -59, 206, -111, 5, 691
37217, -186, -77, 3062, -2, 140, -88, 5, 702
37227, -198, -23, 2998, -42, 83, -91, 5, 710
37237, -268, 141, 3129, 19, 16, -72, 13, 716
37247, -319, 146, 3278, 117, 7, -39, 26, 721
37257, -305, 66, 3489, 91, -46, -51, 36, 722
37267, -196, 21, 3559, 112, -60, -32, 45, 718
37277, -219, -108, 3611, 102, 15, -14, 50, 720
37287, -204, 29, 3525, 143, 20, 5, 61, 722
37297, -200, 53, 3534, 111, 28, -38, 71, 725
37307, -132, -85, 3351, 17, 4, -131, 71, 724
37318, -110, -42, 3433, -29, -26, -136, 69, 722
37327, -167, -5, 3543, -73, -42, -185, 66, 719
37337, -143, -106, 3541, -72, -17, -172, 60, 717
37347, -90, -246, 3431, -48, 0, -119, 52, 715
37357, -125, -92, 3350, -10, -1, -70, 51, 715
37367, -177, -55, 3289, 2, 7, -63, 51, 716
37377, -122, -148, 3226, -20, -24, -70, 48, 715
37387, -76, -276, 3331, 39, -64, -31, 45, 709
37397, -39, -295, 3440, 25, -56, -9, 40, 703
37407, -13, -298, 3492, -5, -46, 9, 34, 696
37417, 66, -258, 3461, 24, -57, 42, 31, 687
37427, -37, -229, 3523, -2, -49, 39, 27, 681
37437, -27, -180, 3607, -7, 3, 67, 24, 679
37447, -64, -85, 3547, -6, 59, 29, 23, 680
37457, -69, 140, 3316, 9, 98, -40, 30, 685
37467, -107, 239, 3196, 118, 115, -20, 46, 692
37477, -120, 181, 3100, 191, 128, 12, 65, 700
37487, -103, 12, 3208, 161, 104, 5, 76, 706
37497, -164, 60, 3241, 146, 78, 7, 88, 712
37507, -125, 45, 3321, 146, 56, 9, 99, 715
37517, -147, 195, 3248, 279, 20, 53, 123, 717
37527, -90, -28, 3062, 359, 2, 121, 144, 716
37537, -46, -46, 3069, 190, -57, 71, 155, 711
37547, -3, -17, 3011, 183, -77, 101, 165, 704
37557, -35, 61, 3146, 40, -49, 93, 169, 698
37567, -133, -5, 3532, -81, 55, -13, 163, 701
37577, -12, -170, 3338, -168, 75, -108, 148, 703
37587, -75, -223, 3529, -168, 0, -94, 131, 701
37597, 1, -158, 3427, -18, -3, 88, 126, 697
37607, -71, 54, 3507, -2, -87, 190, 128, 689
37617, -154, 364, 3408, 21, -132, 161, 139, 682
37627, -313, 676, 3519, 187, -19, 136, 167, 685
37637, -154, 690, 3396, 435, 23, 167, 211, 687
37647, -320, 223, 3742, 380, 90, 99, 238, 696
37657, -56, 71, 3426, 320, 12, 80, 258, 694
37667, -54, -169, 3293, 370, 92, 275, 273, 698
37677, -177, -220, 3448, 207, -134, 333, 277, 691
37687, -197, 73, 3450, -35, 107, 199, 274, 699
37697, -114, 310, 3361, 2, -97, 308, 280, 692
37707, -199, 152, 3194, -69, 25, -6, 277, 696
37717, 6, 327, 3378, -178, 365, -127, 272, 715
37727, 57, 89, 3678, -165, 419, -242, 261, 734
37737, 55, -83, 3416, -155, 238, -74, 247, 743
37747, 62, -49, 3526, -51, 186, 142, 241, 748
37757, 174, 53, 3415, -20, 141, 222, 239, 747
37767, -204, 482, 3424, -246, 201, 202, 234, 760
37777, -147, 392, 3538, -302, 159, 41, 224, 768
37787, -245, 303, 3459, -110, 197, -121, 223, 781
37797, -43, -84, 3566, -109, 137, -112, 213, 785
37807, 77, -213, 3698, -18, 93, -49, 205, 783
37817, 87, -213, 3461, 22, 224, -46, 199, 789
37827, 49, -23, 3530, 158, 122, 41, 207, 789
37837, -28, -164, 3496, 93, 239, 50, 207, 799
37847, -29, -207, 3448, -51, 109, 25, 197, 800
37857, -62, 92, 3314, -196, 197, -5, 186, 808
37867, -224, 75, 3196, -323, 344, -103, 167, 830
37877, -514, 305, 3300, -26, 322, -142, 174, 857
37887, -576, 67, 3174, 207, 270, -56, 187, 883
37897, -258, -139, 3066, 113, 319, 61, 190, 904
37907, -230, -110, 3231, 172, 244, 194, 196, 918
37917, -122, 18, 3095, 140, 139, 148, 204, 922
37927, -335, 99, 3379, 96, 181, 183, 211, 934
37937, -349, -25, 3705, 8, 197, 212, 209, 946
37947, -276, 10, 3541, -35, 358, 164, 206, 965
37957, -303, -98, 3404, 102, 322, 257, 208, 984
37967, -387, 11, 3355, 217, 146, 315, 220, 994
37977, -456, -44, 3178, 126, 312, 282, 225, 1016
37987, -510, 42, 3045, 39, 339, 294, 227, 1042
37997, -495, 95, 2980, -5, 178, 301, 228, 1058
38007, -420, 185, 3171, 29, 164, 337, 233, 1069
38017, -517, 532, 3407, -11, 121, 314, 245, 1079
38027, -427, 258, 3433, 19, 197, 280, 251, 1090
38037, -450, 244, 3341, 6, 243, 274, 255, 1106
38047, -462, 324, 3179, 47, 317, 214, 265, 1126
38057, -474, 208, 2826, 65, 335, 146, 273, 1150
38067, -514, 72, 2681, 161, 278, 223, 283, 1173
38077, -511, -110, 2670, 132, 155, 305, 285, 1187
38087, -482, -173, 2704, -185, 189, 192, 266, 1202
38097, -404, -66, 2656, -273, 19, 207, 245, 1204
38107, -447, 51, 2737, -197, 47, 258, 233, 1209
38117, -565, 297, 2891, -295, 80, 100, 222, 1217
38127, -531, 369, 3006, -195, -391, -30, 220, 1196
38137, -350, 350, 3378, 311, 223, 71, 246, 1205
38147, -259, 64, 3788, 274, -259, -37, 262, 1181
38157, -331, -212, 3477, -76, -19, -218, 250, 1174
38167, -245, -206, 3167, -3, 96, -130, 241, 1175
38177, -319, -252, 3027, 196, 133, 11, 244, 1180
38187, -369, -165, 3053, -9, 42, -37, 237, 1180
38197, -424, -45, 3055, -129, -128, -60, 226, 1172
38207, -528, -1, 3135, 66, -236, -17, 228, 1160
38217, -612, 195, 3402, 243, -173, 37, 247, 1152
38227, -574, 36, 3536, 177, -101, -39, 256, 1147
38237, -466, 129, 3713, 182, -141, -78, 268, 1137
38247, -600, 64, 3606, 131, 92, -99, 275, 1144
38257, -495, -8, 3680, 13, 6, -202, 272, 1144
38267, -370, -132, 3492, 33, -21, -129, 268, 1139
38277, -399, -153, 3407, 130, -47, 29, 269, 1134
38287, -462, 12, 3335, 121, -50, 74, 274, 1131
38297, -494, 36, 3096, 97, -64, 70, 279, 1130
38307, -518, 279, 2957, -13, -170, 55, 284, 1123
